,text,favorited,favoriteCount,replyToSN,created,truncated,replyToSID,id,replyToUID,statusSource,screenName,retweetCount,isRetweet,retweeted,longitude,latitude
1,"Bu gece √ºst olmasƒ±nƒ± beklediƒüim 2 ma√ß 

#nba #betting #tips #iddaa #bahis #tahmin https://t.co/jVB1AdqmvS",FALSE,0,NA,2/2/18 21:26,FALSE,NA,9.59539E+17,NA,"<a href=""http://twitter.com"" rel=""nofollow"">Twitter Web Client</a>",Bahistahmiin,0,FALSE,FALSE,NA,NA
2,"Ì†ºÌøÄNBA ‚Äòde bu geceÌ†ºÌøÄ
Ì†ΩÌ¥òCharlotte - Indiana
Ì†ΩÌ¥òBoston - Atlanta
Ì†ΩÌ¥òBrooklyn - LA Lakers
Ì†ΩÌ¥òToronto - Portland
Ì†ΩÌ¥òMilwaukee - New‚Ä¶ https://t.co/twIjjYQJka",FALSE,0,NA,2/2/18 21:26,TRUE,NA,9.59539E+17,NA,"<a href=""http://twitter.com/download/iphone"" rel=""nofollow"">Twitter for iPhone</a>",KupaBet,0,FALSE,FALSE,NA,NA
3,"#NBA #FearTheDeer 
UPDATE: Malcolm Brogdon (quad) has been ruled out for Friday's game vs New York.",FALSE,0,NA,2/2/18 21:26,FALSE,NA,9.59539E+17,NA,"<a href=""http://twitter.com"" rel=""nofollow"">Twitter Web Client</a>",trendengsports,0,FALSE,FALSE,NA,NA
4,#NBA is faaaaantastic https://t.co/tk7jlMmm89,FALSE,0,NA,2/2/18 21:26,FALSE,NA,9.59539E+17,NA,"<a href=""http://twitter.com/download/android"" rel=""nofollow"">Twitter for Android</a>",ACaseOnline,0,FALSE,FALSE,NA,NA
5,"#NBA Top @FanDuel CashÌ†ΩÌ≤∞ Game Plays: 2/2/18 via: @Bruce_Lamb 

https://t.co/JXfjY7TwOU",FALSE,0,NA,2/2/18 21:26,FALSE,NA,9.59539E+17,NA,"<a href=""http://twitter.com/download/iphone"" rel=""nofollow"">Twitter for iPhone</a>",ForwardMileNBA,0,FALSE,FALSE,NA,NA
6,"RT @ASidobre: King James est amateur de bon son Ì†ΩÌ∏éÌ†ΩÌ±åÌ†ºÌæ∂Ì†ΩÌ¥•
Migos ¬´¬†Too Playa¬†¬ª
#NBA
#NBAExtraNation https://t.co/6jzihCxyx9",FALSE,0,NA,2/2/18 21:26,FALSE,NA,9.59539E+17,NA,"<a href=""http://twitter.com/download/iphone"" rel=""nofollow"">Twitter for iPhone</a>",Tw8Chainz,2,TRUE,FALSE,NA,NA
7,"RT @The94FeetReport: #NBA EFG% Leaders as of 2/1:

1. DeAndre Jordan- .665
2. Clint Capela- .658
3. Steven Adams- .635
4. Stephen Curry- .6‚Ä¶",FALSE,0,NA,2/2/18 21:26,FALSE,NA,9.59539E+17,NA,"<a href=""http://twitter.com/download/iphone"" rel=""nofollow"">Twitter for iPhone</a>",OGRafiki__,5,TRUE,FALSE,NA,NA
8,"RT @CullerSports: Greg Monroe will sign with the #Boston‚òòÔ∏è #Celtics, league source tells #ESPN. Per @wojespn #NBA https://t.co/mg8X54EHYa",FALSE,0,NA,2/2/18 21:26,FALSE,NA,9.59538E+17,NA,"<a href=""http://twitter.com"" rel=""nofollow"">Twitter Web Client</a>",CullerSportsCFB,12,TRUE,FALSE,NA,NA
9,"RT @hawksbet: **** FREE PICKS ****

RETWEET AND I'LL SEND YOU THE PICKS

Follow us!!

#SPORTSBETTING #FREEPICKS #NHL #NBA¬†¬†¬†¬†¬†¬†¬†¬†¬†¬†¬†¬†¬†¬†¬†¬†¬†¬†‚Ä¶",FALSE,0,NA,2/2/18 21:26,FALSE,NA,9.59538E+17,NA,"<a href=""http://twitter.com"" rel=""nofollow"">Twitter Web Client</a>",rnorberto10,160,TRUE,FALSE,NA,NA
10,"#RumorRoundup: #LeBron #Destinations, and a Run on 3-n-D Wings https://t.co/TVOHjvZmWI @ringer #lebronjames‚Ä¶ https://t.co/BgGkBsNrDI",FALSE,0,NA,2/2/18 21:26,TRUE,NA,9.59538E+17,NA,"<a href=""http://twitter.com"" rel=""nofollow"">Twitter Web Client</a>",SneakerWonk,0,FALSE,FALSE,NA,NA
11,Ì†ºÌøÄ Game Tix via Ether and Bitcoin? Its coming!! #NBA #cryptocurrency https://t.co/O9Fq7bs9ue https://t.co/1dYqHBxoVe,FALSE,0,NA,2/2/18 21:25,FALSE,NA,9.59538E+17,NA,"<a href=""http://twitter.com"" rel=""nofollow"">Twitter Web Client</a>",ZicklinGCMC,0,FALSE,FALSE,NA,NA
12,RT @Gazzetta_NBA: VIDEO Contatti coi #Warriors? La smentita di #LeBron √® netta https://t.co/jBeuxrUQfh   #NBA https://t.co/Md1SbDFTM4,FALSE,0,NA,2/2/18 21:25,FALSE,NA,9.59538E+17,NA,"<a href=""http://itunes.apple.com/us/app/twitter/id409789998?mt=12"" rel=""nofollow"">Twitter for Mac</a>",Lucatt_,1,TRUE,FALSE,NA,NA
13,Awwww man do i miss these guys...exactly what it sez NEW YORK TOUGH....where has all the toughness gone in the #NBA‚Ä¶ https://t.co/8Xr2u8nvO1,FALSE,0,NA,2/2/18 21:25,TRUE,NA,9.59538E+17,NA,"<a href=""http://twitter.com/download/iphone"" rel=""nofollow"">Twitter for iPhone</a>",tommy_sage,0,FALSE,FALSE,NA,NA
14,"We have a lot of injured players, but we still have high chances for a win! @celtics play another @NBA game, today‚Ä¶ https://t.co/SNR9XgomJm",FALSE,0,NA,2/2/18 21:25,TRUE,NA,9.59538E+17,NA,"<a href=""http://twitter.com/download/android"" rel=""nofollow"">Twitter for Android</a>",AlexTOSKOVIC,0,FALSE,FALSE,NA,NA
15,"RT @bballbreakdown: I released a video on how #NBA stars rest on defense, starring the culprit on this game winner https://t.co/DatqSGf9mh‚Ä¶",FALSE,0,NA,2/2/18 21:25,FALSE,NA,9.59538E+17,NA,"<a href=""http://twitter.com/download/iphone"" rel=""nofollow"">Twitter for iPhone</a>",VgVincentg57,78,TRUE,FALSE,NA,NA
16,Bi #nba √º√ßl√ºs√º hazƒ±rlƒ±yorum. @efsanebahiscom hazƒ±rmƒ±sƒ±n? :),FALSE,9,NA,2/2/18 21:25,FALSE,NA,9.59538E+17,NA,"<a href=""http://twitter.com/download/iphone"" rel=""nofollow"">Twitter for iPhone</a>",burcidovic,0,FALSE,FALSE,NA,NA
17,"#MyNBA2K18
pulled @SHAQ my favorite SuperStar card besides @KingJames 
I wish a NBA SuperStar would speak on MyNBA2‚Ä¶ https://t.co/JdEgqNEi0w",FALSE,0,NA,2/2/18 21:25,TRUE,NA,9.59538E+17,NA,"<a href=""http://twitter.com/download/android"" rel=""nofollow"">Twitter for Android</a>",ThunderUp405OKC,0,FALSE,FALSE,NA,NA
18,The Magic must be getting ready to contend by 2030 like the front office said a few years back.... Spike Lee couldn‚Ä¶ https://t.co/UNyURHj1or,FALSE,0,UnfilteredDT,2/2/18 21:25,TRUE,9.59538E+17,9.59538E+17,1894736442,"<a href=""http://twitter.com/download/android"" rel=""nofollow"">Twitter for Android</a>",UnfilteredDT,0,FALSE,FALSE,NA,NA
19,"Perguntado sobre os rumores de que poderia assinar com os @warriors na pr√≥xima temporada, @KingJames respondeu de f‚Ä¶ https://t.co/8XIK10LQ0e",FALSE,0,NA,2/2/18 21:25,TRUE,NA,9.59538E+17,NA,"<a href=""http://twitter.com/download/android"" rel=""nofollow"">Twitter for Android</a>",HTEclutch,0,FALSE,FALSE,NA,NA
20,Cappers Picks #Sports #NBA #NHL #CBB Plays posted by our EXPERTS! https://t.co/52mulflH5o,FALSE,0,NA,2/2/18 21:25,FALSE,NA,9.59538E+17,NA,"<a href=""http://www.hootsuite.com"" rel=""nofollow"">Hootsuite</a>",Cappers_Picks,0,FALSE,FALSE,NA,NA
21,"RT @CullerSports: Greg Monroe will sign with the #Boston‚òòÔ∏è #Celtics, league source tells #ESPN. Per @wojespn #NBA https://t.co/mg8X54EHYa",FALSE,0,NA,2/2/18 21:25,FALSE,NA,9.59538E+17,NA,"<a href=""http://twitter.com"" rel=""nofollow"">Twitter Web Client</a>",CullerSportsNBA,12,TRUE,FALSE,NA,NA
22,To the asshole who went on court and got in Westbrooks face. Get the fuck off the court and challenge someone who w‚Ä¶ https://t.co/tpXK5t1pjq,FALSE,0,NA,2/2/18 21:25,TRUE,NA,9.59538E+17,NA,"<a href=""http://twitter.com"" rel=""nofollow"">Twitter Web Client</a>",21159blog,0,FALSE,FALSE,NA,NA
23,"NBA spelen √§r P√•v√§g ‚úÖÌ†ºÌøÄ

#betting #NBA",FALSE,2,NA,2/2/18 21:25,FALSE,NA,9.59538E+17,NA,"<a href=""http://twitter.com/download/iphone"" rel=""nofollow"">Twitter for iPhone</a>",rydhprobetting1,0,FALSE,FALSE,NA,NA
24,"RT @aki_hunny: Congrats @the_1_dragon Ì†ΩÌ∞≤Ì†ΩÌ∞≤Ì†ΩÌ∞≤Ì†ΩÌ¥•Ì†ΩÌ¥•Ì†ΩÌ¥•
#NBA #allstar2018 #MIA #miamiheat #gorandragic #heatnation #HEATCULTURE #nbaart #fanart #artwo‚Ä¶",FALSE,0,NA,2/2/18 21:24,FALSE,NA,9.59538E+17,NA,"<a href=""http://twitter.com/download/iphone"" rel=""nofollow"">Twitter for iPhone</a>",___b__25,6,TRUE,FALSE,NA,NA
25,B√ÅSQUETBOL | @HoustonRockets venci√≥ por 102-91 a @spurs como visita en la @NBA. La figura fue @JHarden13 que aport√≥‚Ä¶ https://t.co/doUtyoQ4IM,FALSE,0,NA,2/2/18 21:24,TRUE,NA,9.59538E+17,NA,"<a href=""http://twitter.com"" rel=""nofollow"">Twitter Web Client</a>",RadioSportChile,0,FALSE,FALSE,NA,NA
26,"According to @Bucks, Malcolm Brogdon is out for 6-8 weeks with left quadricep tendon injury. #NBA #FearTheDeer #kjreports",FALSE,0,NA,2/2/18 21:24,FALSE,NA,9.59538E+17,NA,"<a href=""http://twitter.com"" rel=""nofollow"">Twitter Web Client</a>",kjnbareports,0,FALSE,FALSE,NA,NA
27,https://t.co/P48Pj4o0n8 #SportsEvents #NBA-2018 NBA All Star Game Tickets - Los Angeles https://t.co/bpVWfmhzux,FALSE,0,NA,2/2/18 21:24,FALSE,NA,9.59538E+17,NA,"<a href=""https://ifttt.com"" rel=""nofollow"">IFTTT</a>",all_nba_teams,0,FALSE,FALSE,NA,NA
28,"RT @OnTheRotoRadar: The #OTRR #NBA #DFS podcast goes live at 5 P.M. EST

In yesterday‚Äôs podcast @RotoradarCEO talked about all of the posit‚Ä¶",FALSE,0,NA,2/2/18 21:24,FALSE,NA,9.59538E+17,NA,"<a href=""http://twitter.com"" rel=""nofollow"">Twitter Web Client</a>",RotoRadarCEO,4,TRUE,FALSE,NA,NA
29,"RT @WingspanSports: A full proof, bullet proof plan to fix the Slam Dunk contest during #NBAAllStar weekend. #NBA. Featuring @teamflightbro‚Ä¶",FALSE,0,NA,2/2/18 21:23,FALSE,NA,9.59538E+17,NA,"<a href=""http://twitter.com/download/iphone"" rel=""nofollow"">Twitter for iPhone</a>",joeywingspan,1,TRUE,FALSE,NA,NA
30,"Maybe I'm crazy, but I think @JoakimNoah would be a great veteran fit in Chicago. Port is and Felicio could learn f‚Ä¶ https://t.co/PPx8L55W8R",FALSE,0,NA,2/2/18 21:23,TRUE,NA,9.59538E+17,NA,"<a href=""http://twitter.com/download/android"" rel=""nofollow"">Twitter for Android</a>",Little_Ian_says,0,FALSE,FALSE,NA,NA
31,#NBAAllStar #NBA https://t.co/u3a6pfLkOA,FALSE,0,NA,2/2/18 21:23,FALSE,NA,9.59538E+17,NA,"<a href=""http://twitter.com/download/android"" rel=""nofollow"">Twitter for Android</a>",Detcookieman74,0,FALSE,FALSE,NA,NA
32,"RT @OnTheRotoRadar: The #OTRR #NBA #DFS podcast goes live at 5 P.M. EST

In yesterday‚Äôs podcast @RotoradarCEO talked about all of the posit‚Ä¶",FALSE,0,NA,2/2/18 21:22,FALSE,NA,9.59538E+17,NA,"<a href=""http://twitter.com"" rel=""nofollow"">Twitter Web Client</a>",rotoradarfb,4,TRUE,FALSE,NA,NA
33,"RT @OnTheRotoRadar: The #OTRR #NBA #DFS podcast goes live at 5 P.M. EST

In yesterday‚Äôs podcast @RotoradarCEO talked about all of the posit‚Ä¶",FALSE,0,NA,2/2/18 21:22,FALSE,NA,9.59538E+17,NA,"<a href=""http://twitter.com/download/iphone"" rel=""nofollow"">Twitter for iPhone</a>",TheRotoRadar,4,TRUE,FALSE,NA,NA
34,RT @DannyBSports: Catch @followAdamA of @FnAshow on my show tomorrow.. Adam breaks down the Super Bowl and talks #Clippers #NBA and much mo‚Ä¶,FALSE,0,NA,2/2/18 21:22,FALSE,NA,9.59538E+17,NA,"<a href=""http://twitter.com/download/android"" rel=""nofollow"">Twitter for Android</a>",followAdamA,1,TRUE,FALSE,NA,NA
35,"RT @OnTheRotoRadar: The #OTRR #NBA #DFS podcast goes live at 5 P.M. EST

In yesterday‚Äôs podcast @RotoradarCEO talked about how Blake Griffi‚Ä¶",FALSE,0,NA,2/2/18 21:22,FALSE,NA,9.59538E+17,NA,"<a href=""http://twitter.com"" rel=""nofollow"">Twitter Web Client</a>",rotoradarfb,4,TRUE,FALSE,NA,NA
36,I just realized I get to go to my first real #NBA GAME tomorrow ... Damn this is such a great feeling .. It‚Äôs like‚Ä¶ https://t.co/7dooX7YscG,FALSE,0,NA,2/2/18 21:22,TRUE,NA,9.59538E+17,NA,"<a href=""http://twitter.com/download/iphone"" rel=""nofollow"">Twitter for iPhone</a>",CharronElliott1,0,FALSE,FALSE,NA,NA
37,"Ì†ºÌøÄNBA
‚≠ïÔ∏èCharlotte - Indiana
‚≠ïÔ∏èBoston - Atlanta
‚≠ïÔ∏èBrooklyn - LA Lakers
‚≠ïÔ∏èToronto - Portland
‚≠ïÔ∏èMilwaukee - New York
‚≠ïÔ∏è‚Ä¶ https://t.co/XrlqDeP7QM",FALSE,0,NA,2/2/18 21:22,TRUE,NA,9.59538E+17,NA,"<a href=""http://twitter.com/download/iphone"" rel=""nofollow"">Twitter for iPhone</a>",euro24betcom,0,FALSE,FALSE,NA,NA
38,Well It's Friday must be #Brooklyn. #LosAngeles. #Lakers play #Nets #NBA WHICH Lakers team shows up the piss poor o‚Ä¶ https://t.co/o8c1rVpenO,FALSE,0,NA,2/2/18 21:22,TRUE,NA,9.59538E+17,NA,"<a href=""http://twitter.com/download/android"" rel=""nofollow"">Twitter for Android</a>",Duktiamat,0,FALSE,FALSE,NA,NA
39,Hoy Viernes #2Febrero seguimos #OnFireÌ†ΩÌ¥• con El¬†#BoletinNBA/NHL/NFL la Guia MAS COMPLETA para sus Apuestas Deportiva‚Ä¶ https://t.co/FvZplb8RQf,FALSE,0,NA,2/2/18 21:22,TRUE,NA,9.59538E+17,NA,"<a href=""http://twitter.com/download/android"" rel=""nofollow"">Twitter for Android</a>",ParleyVenezuela,0,FALSE,FALSE,NA,NA
40,"Kvitova Stephane #Tennis 
Hornets Boston Raptors 76ers #NBA 
IndU19 Draw (BDvsSL) Aus #Cricket 
Samoa USA Argentina #RugbyUnion #Bet365",FALSE,0,NA,2/2/18 21:22,FALSE,NA,9.59537E+17,NA,"<a href=""http://twitter.com/download/android"" rel=""nofollow"">Twitter for Android</a>",dangerfield777,0,FALSE,FALSE,NA,NA
41,"@RequestABet DeRozan, Davis 22+ PTS. Randle, Simmons, Batum, Ibaka: 10+ PTS, 4+ REB. #RequestABet #NBA",FALSE,0,RequestABet,2/2/18 21:22,FALSE,NA,9.59537E+17,2971663642,"<a href=""http://twitter.com/download/android"" rel=""nofollow"">Twitter for Android</a>",battycrease5000,0,FALSE,FALSE,NA,NA
42,"‚ÄîSuperBowl Sunday‚Äî 

Draftkings: 6 Lineups
Fanduel: 4 Lineups

#nba¬†     #lineup #lineups #DraftKings  #FanDuel #DFS #value #fantasy #gpp",FALSE,0,NA,2/2/18 21:22,FALSE,NA,9.59537E+17,NA,"<a href=""http://twitter.com/download/iphone"" rel=""nofollow"">Twitter for iPhone</a>",mambaDFS,0,FALSE,FALSE,NA,NA
43,RT @globatalent: Very excited to introduce our latest podcast with #NBA legend Maurice Evans @1MoEvans @ELOSSports . It's worth checking ou‚Ä¶,FALSE,0,NA,2/2/18 21:22,FALSE,NA,9.59537E+17,NA,"<a href=""http://twitter.com"" rel=""nofollow"">Twitter Web Client</a>",JamalEdy,62,TRUE,FALSE,NA,NA
44,Every NBA Finals for the last 10 years has featured either LeBron or Kobe and they never played each other. That‚Äôs wild. #NBA,FALSE,0,NA,2/2/18 21:21,FALSE,NA,9.59537E+17,NA,"<a href=""http://twitter.com/download/iphone"" rel=""nofollow"">Twitter for iPhone</a>",BillyHull20,0,FALSE,FALSE,NA,NA
45,"C'mon bro I didn't hurt your feelings or expose your scam did I? 

#DraftKings #DFS #dailyfantasy #nba https://t.co/N4CQpbcMUv",FALSE,0,NA,2/2/18 21:21,FALSE,NA,9.59537E+17,NA,"<a href=""http://twitter.com/download/android"" rel=""nofollow"">Twitter for Android</a>",LuckyDogsDFS,0,FALSE,FALSE,NA,NA
46,"RT @NBA_VAVEL: #NBA | ¬°Menudo reportajazo nos brinda @jfalagan_NBA sobre el reencuentro de Jordan y Magic...!
¬°Hoy es el aniversario de esa‚Ä¶",FALSE,0,NA,2/2/18 21:21,FALSE,NA,9.59537E+17,NA,"<a href=""http://twitter.com/download/android"" rel=""nofollow"">Twitter for Android</a>",BPernigotti,3,TRUE,FALSE,NA,NA
47,Warriors replacing Red Panda's stolen unicycle https://t.co/rKom4OqeZA Via @ESPN‚úîÔ∏è#Sports #NFL #NBA #MLB #NCAAF #NHL,FALSE,0,NA,2/2/18 21:21,FALSE,NA,9.59537E+17,NA,"<a href=""https://dlvrit.com/"" rel=""nofollow"">dlvr.it</a>",stevenacurtis,0,FALSE,FALSE,NA,NA
48,"RT @hawksbet: **** FREE PICKS ****

RETWEET AND I'LL SEND YOU THE PICKS

Follow us!!

#SPORTSBETTING #FREEPICKS #NHL #NBA¬†¬†¬†¬†¬†¬†¬†¬†¬†¬†¬†¬†¬†¬†¬†¬†¬†¬†‚Ä¶",FALSE,0,NA,2/2/18 21:20,FALSE,NA,9.59537E+17,NA,"<a href=""http://twitter.com/download/iphone"" rel=""nofollow"">Twitter for iPhone</a>",OO37665004,160,TRUE,FALSE,NA,NA
49,RT @HipHopWired: Shannon Sharpe Calls Lou Williams A Dry Snitch For Exposing #NBA Players Juggling Women https://t.co/JY4kXrhKOe,FALSE,0,NA,2/2/18 21:20,FALSE,NA,9.59537E+17,NA,"<a href=""http://twitter.com/download/iphone"" rel=""nofollow"">Twitter for iPhone</a>",PhotosByBeanz,1,TRUE,FALSE,NA,NA
50,"RT @OnTheRotoRadar: The #OTRR #NBA #DFS podcast goes live at 5 P.M. EST

In yesterday‚Äôs podcast @RotoradarCEO talked about all of the posit‚Ä¶",FALSE,0,NA,2/2/18 21:20,FALSE,NA,9.59537E+17,NA,"<a href=""http://twitter.com/download/iphone"" rel=""nofollow"">Twitter for iPhone</a>",ZackReal35,4,TRUE,FALSE,NA,NA
51,"In #Boston, #GregMonroe Will Look to #Revitalize His #Career https://t.co/vlWTA3orgq via @ringer #bostonceltics‚Ä¶ https://t.co/S3SMAPdRdv",FALSE,0,NA,2/2/18 21:20,TRUE,NA,9.59537E+17,NA,"<a href=""http://twitter.com"" rel=""nofollow"">Twitter Web Client</a>",SneakerWonk,0,FALSE,FALSE,NA,NA
52,"The #OTRR #NBA #DFS podcast goes live at 5 P.M. EST

In yesterday‚Äôs podcast @RotoradarCEO talked about all of the p‚Ä¶ https://t.co/eRdl4ZF7wq",FALSE,3,NA,2/2/18 21:20,TRUE,NA,9.59537E+17,NA,"<a href=""http://twitter.com"" rel=""nofollow"">Twitter Web Client</a>",OnTheRotoRadar,4,FALSE,FALSE,NA,NA
53,"RT @BasketDVines: Bestial rotura de Kemba en Walker!!! Ì†ΩÌ∏±Ì†ΩÌ¥ùÌ†ΩÌ≤Ø
#NBA https://t.co/0iEDjjZVZl",FALSE,0,NA,2/2/18 21:20,FALSE,NA,9.59537E+17,NA,"<a href=""http://twitter.com/download/android"" rel=""nofollow"">Twitter for Android</a>",ibalo_gustavo,26,TRUE,FALSE,NA,NA
54,"RT @LaNuestraRadio: #NBA | ""La revancha del barba""
El mejor #b√°squet Ì†ºÌøÄ del mundo con @ochoafacundo Ì†ΩÌ±áÌ†ºÌøª
https://t.co/8S37Csgk1E",FALSE,0,NA,2/2/18 21:20,FALSE,NA,9.59537E+17,NA,"<a href=""http://twitter.com/download/iphone"" rel=""nofollow"">Twitter for iPhone</a>",ochoafacundo,1,TRUE,FALSE,NA,NA
55,LeBron dismisses link to Warriors as 'nonsense' #nba,FALSE,0,NA,2/2/18 21:20,FALSE,NA,9.59537E+17,NA,"<a href=""http://www.elharrouchi.com/"" rel=""nofollow"">USA Sport News</a>",USASport_News,0,FALSE,FALSE,NA,NA
56,"Greg Monroe Reportedly Agrees to 1-Year, $5 Million Contract with Celtics #Basketball #BostonCeltics #BreakingNews‚Ä¶ https://t.co/3pEOGvVJDn",FALSE,0,NA,2/2/18 21:20,TRUE,NA,9.59537E+17,NA,"<a href=""http://trueviralnews.com/"" rel=""nofollow"">trueviralnews</a>",trueviralnews,0,FALSE,FALSE,NA,NA
57,"#NBA

Ì†ΩÌ±â Utah Jazz OT @ 1.40",FALSE,0,NA,2/2/18 21:20,FALSE,NA,9.59537E+17,NA,"<a href=""http://twitter.com/download/android"" rel=""nofollow"">Twitter for Android</a>",PronoRugio,0,FALSE,FALSE,NA,NA
58,RT @coachenew: @kareem_thecoach with @KareemRush  and I tip off today on https://t.co/QAPUzWj4nd at 5pm EST as we talk #SuperBowl &amp; #NBA  a‚Ä¶,FALSE,0,NA,2/2/18 21:19,FALSE,NA,9.59537E+17,NA,"<a href=""http://cinchtweet.com/"" rel=""nofollow"">CinchTweet_ViralSportsClub</a>",viralsportsclub,1,TRUE,FALSE,NA,NA
59,"RT @BasketDVines: Solo un genio como Magic era capaz de hacer cosas como estas despues de estar 5 a√±os retirado!! Ì†ΩÌ±åÌ†ΩÌ¥ùÌ†ΩÌ≤Ø
#NBA https://t.co/Gg1‚Ä¶",FALSE,0,NA,2/2/18 21:19,FALSE,NA,9.59537E+17,NA,"<a href=""http://twitter.com/download/android"" rel=""nofollow"">Twitter for Android</a>",JuanPe_Cotilla,8,TRUE,FALSE,NA,NA
60,RT @Wapa2Deportes: #NBAxWapa2 esta noche #NBA https://t.co/2ktN2kMj80,FALSE,0,NA,2/2/18 21:19,FALSE,NA,9.59537E+17,NA,"<a href=""http://twitter.com/download/iphone"" rel=""nofollow"">Twitter for iPhone</a>",enoquino,2,TRUE,FALSE,NA,NA
61,"RT @CBsyndicates: #NBA later tonight @ColossusBets.  Here are the #Syndicates taking on the two #PICK5 pools
0:00
‚ñ∂Ô∏èhttps://t.co/LymrqVYu4W‚Ä¶",FALSE,0,NA,2/2/18 21:19,FALSE,NA,9.59537E+17,NA,"<a href=""http://twitter.com"" rel=""nofollow"">Twitter Web Client</a>",AlbertTipster,1,TRUE,FALSE,NA,NA
62,"$4 Drafts, Wine, Well drinks, and half off appetizers everyday from 3-6 PM. That should make you happy for more tha‚Ä¶ https://t.co/yIWllRQ7fF",FALSE,0,NA,2/2/18 21:19,TRUE,NA,9.59537E+17,NA,"<a href=""http://sproutsocial.com"" rel=""nofollow"">Sprout Social</a>",ImperialReno,0,FALSE,FALSE,NA,NA
63,RT @NicksSportCards: New Releases! New 2018 @Topps Baseball Jumbo &amp; Regular and the @PaniniAmerica #NFL limited and #status #NBA and some S‚Ä¶,FALSE,0,NA,2/2/18 21:19,FALSE,NA,9.59537E+17,NA,"<a href=""http://twitter.com/download/android"" rel=""nofollow"">Twitter for Android</a>",Bigchill1976,1,TRUE,FALSE,NA,NA
64,#NBA | Ya tenemos los primeros jugadores del mes en el 2018. https://t.co/nrteIgNfmH https://t.co/t0Y6TwvUDl,FALSE,0,NA,2/2/18 21:18,FALSE,NA,9.59537E+17,NA,"<a href=""http://publicize.wp.com/"" rel=""nofollow"">WordPress.com</a>",sportologyblog,0,FALSE,FALSE,NA,NA
65,"#NBA
If super bowl bets aren't your thing, check out these player props with tons of value tonight

-Kemba Walker u‚Ä¶ https://t.co/A0Fspu2hkC",FALSE,0,NA,2/2/18 21:18,TRUE,NA,9.59537E+17,NA,"<a href=""http://twitter.com"" rel=""nofollow"">Twitter Web Client</a>",KeithLeBlanc,0,FALSE,FALSE,NA,NA
66,"Sigue el l√≠o con #LarryNassar 
#NBA Ì†ºÌøÄ #Lakers 

Don Alejandro Delm√°s en @alacontra360 

https://t.co/R2jSGMGeQE",FALSE,0,NA,2/2/18 21:18,FALSE,NA,9.59537E+17,NA,"<a href=""http://twitter.com/download/iphone"" rel=""nofollow"">Twitter for iPhone</a>",JuGu3Sa,0,FALSE,FALSE,NA,NA
67,"FYI: Statement comes from Pat Figley, Red Panda's agent

#NBA #TheJump",FALSE,0,NBATheJumpFP,2/2/18 21:18,FALSE,9.59525E+17,9.59537E+17,9.04752E+17,"<a href=""http://twitter.com"" rel=""nofollow"">Twitter Web Client</a>",NBATheJumpFP,0,FALSE,FALSE,NA,NA
68,"When the #Knicks face the #Bucks 2nite @MSGNetworks look for #Brooklyn native, defensive stopper &amp; @nyknicks co-cap‚Ä¶ https://t.co/tCpDTglxum",FALSE,0,NA,2/2/18 21:18,TRUE,NA,9.59537E+17,NA,"<a href=""http://twitter.com"" rel=""nofollow"">Twitter Web Client</a>",LennRobbins,0,FALSE,FALSE,NA,NA
69,RT @don_buster: We are going for 8 Straight Winners in the NBA tonight. Don't Miss our next NBA Winner #NBA #NBApicks Check it out. ONLY @W‚Ä¶,FALSE,0,NA,2/2/18 21:18,FALSE,NA,9.59537E+17,NA,"<a href=""http://twitter.com"" rel=""nofollow"">Twitter Web Client</a>",Johnny_Detroit,2,TRUE,FALSE,NA,NA
70,#NBA Wire: Stephen Curry on not getting no-trade clause: Warriors trying to set precedent https://t.co/KYLM1sQwhd https://t.co/vLNyU8EgDO,FALSE,0,NA,2/2/18 21:18,FALSE,NA,9.59536E+17,NA,"<a href=""https://dlvrit.com/"" rel=""nofollow"">dlvr.it</a>",FastBreakPlay,0,FALSE,FALSE,NA,NA
71,RT @ProCityHoops: The ending to a game of the year candidate. #NBA https://t.co/SBUwJGCQJc,FALSE,0,NA,2/2/18 21:17,FALSE,NA,9.59536E+17,NA,"<a href=""http://twitter.com/download/iphone"" rel=""nofollow"">Twitter for iPhone</a>",hadlgr,21,TRUE,FALSE,NA,NA
72,"Bilan du jour avant les r√©sultats de #NBA et de #NHL :
Auxerre‚úÖ +105‚Ç¨ #TOURSAJA 
Combi tennis‚ùå-50‚Ç¨
Le Havre‚ùå-50‚Ç¨‚Ä¶ https://t.co/wxw6GWdmkg",FALSE,1,NA,2/2/18 21:17,TRUE,NA,9.59536E+17,NA,"<a href=""http://twitter.com/download/iphone"" rel=""nofollow"">Twitter for iPhone</a>",Pronossport3,0,FALSE,FALSE,NA,NA
73,"RT @hawksbet: **** FREE PICKS ****

RETWEET AND I'LL SEND YOU THE PICKS

Follow us!!

#SPORTSBETTING #FREEPICKS #NHL #NBA¬†¬†¬†¬†¬†¬†¬†¬†¬†¬†¬†¬†¬†¬†¬†¬†¬†¬†‚Ä¶",FALSE,0,NA,2/2/18 21:17,FALSE,NA,9.59536E+17,NA,"<a href=""http://twitter.com/download/android"" rel=""nofollow"">Twitter for Android</a>",JValdez36,160,TRUE,FALSE,NA,NA
74,Breaking. My source close to the situation says Paul George would listen to an offer from Warriors if they had the‚Ä¶ https://t.co/yEezE7wxJq,FALSE,0,NA,2/2/18 21:17,TRUE,NA,9.59536E+17,NA,"<a href=""https://mobile.twitter.com"" rel=""nofollow"">Twitter Lite</a>",JoggerRichard,1,FALSE,FALSE,NA,NA
75,"RT @thebigmoves: #NBA STEAM MOVES :
802) UNDER IND-CHA (1st Half &amp; Game)
818) OVER GSW-SAC (1st Half &amp; Game)
816) OVER NO-OKC
Betting Syndi‚Ä¶",FALSE,0,NA,2/2/18 21:17,FALSE,NA,9.59536E+17,NA,"<a href=""http://twitter.com"" rel=""nofollow"">Twitter Web Client</a>",thebigmoves,1,TRUE,FALSE,NA,NA
76,Lowe's 10 things: Steph-KD pick-and-rolls are here to destroy us all https://t.co/eBtxvB6Gz8 via @espn #basketball #nba,FALSE,0,NA,2/2/18 21:17,FALSE,NA,9.59536E+17,NA,"<a href=""http://twitter.com"" rel=""nofollow"">Twitter Web Client</a>",jmcclure59,0,FALSE,FALSE,NA,NA
77,RT @don_buster: We are going for 8 Straight Winners in the NBA tonight. Don't Miss our next NBA Winner #NBA #NBApicks Check it out. ONLY @W‚Ä¶,FALSE,0,NA,2/2/18 21:17,FALSE,NA,9.59536E+17,NA,"<a href=""http://twitter.com"" rel=""nofollow"">Twitter Web Client</a>",WagerTalk,2,TRUE,FALSE,NA,NA
78,"RT @WinwinP34: Ì†ºÌøÄ Ì†ΩÌ≤• Id√©e d√©co Originale ! Ì†ΩÌ¥• #NBA 
Une seule adresse Ì†ΩÌ±âÌ†ºÌøº https://t.co/kVgvB7t94h

Unique, faite √† la main, num√©rot√©e et sign√©e‚Ä¶",FALSE,0,NA,2/2/18 21:17,FALSE,NA,9.59536E+17,NA,"<a href=""http://twitter.com"" rel=""nofollow"">Twitter Web Client</a>",WinwinP34,2,TRUE,FALSE,NA,NA
79,"#TopValuePlays
SG: Jeremy Lamb #Hornets #BuzzCity
CPP:$174.23
Avg FPS: 24.68
We Have Exactly What You Need To Win a‚Ä¶ https://t.co/GVjfk93hZn",FALSE,0,NA,2/2/18 21:16,TRUE,NA,9.59536E+17,NA,"<a href=""https://www.socialoomph.com"" rel=""nofollow"">SocialOomph</a>",jamesabaileyjr,0,FALSE,FALSE,NA,NA
80,"Show recap: Feb 2. 2018. More of #TheJump on Monday! Have a great weekend, #NBA fans! https://t.co/ESKU3fn6mT",FALSE,0,NA,2/2/18 21:16,FALSE,NA,9.59536E+17,NA,"<a href=""http://twitter.com"" rel=""nofollow"">Twitter Web Client</a>",NBATheJumpFP,0,FALSE,FALSE,NA,NA
81,#NBA Ì†ºÌøÄ Warriors replace Red Panda's stolen unicycle https://t.co/9EIv4cHSVM   ‚Üí via https://t.co/0I4IIflkwI  ‚àö https://t.co/oRdBxK2Mss,FALSE,0,NA,2/2/18 21:16,FALSE,NA,9.59536E+17,NA,"<a href=""https://dlvrit.com/"" rel=""nofollow"">dlvr.it</a>",SportsbookBTC,0,FALSE,FALSE,NA,NA
82,"LIVE @ 5 PM EST , THE #NBA #DFS SHOOTAROUND w/ @JeffKCollins &amp; @draftcheat!!! #EliteMafia https://t.co/UWOILy2oTA https://t.co/pbv0oqZEKH",FALSE,0,NA,2/2/18 21:16,FALSE,NA,9.59536E+17,NA,"<a href=""http://twitter.com"" rel=""nofollow"">Twitter Web Client</a>",GuruEliteDFS,0,FALSE,FALSE,NA,NA
83,"RT @BasketDVines: Solo un genio como Magic era capaz de hacer cosas como estas despues de estar 5 a√±os retirado!! Ì†ΩÌ±åÌ†ΩÌ¥ùÌ†ΩÌ≤Ø
#NBA https://t.co/Gg1‚Ä¶",FALSE,0,NA,2/2/18 21:16,FALSE,NA,9.59536E+17,NA,"<a href=""http://twitter.com/download/iphone"" rel=""nofollow"">Twitter for iPhone</a>",aleortiz070801,8,TRUE,FALSE,NA,NA
84,Shannon Sharpe Calls Lou Williams A Dry Snitch For Exposing #NBA Players Juggling Women https://t.co/JY4kXrhKOe,FALSE,2,NA,2/2/18 21:16,FALSE,NA,9.59536E+17,NA,"<a href=""http://www.google.com/"" rel=""nofollow"">Google</a>",HipHopWired,1,FALSE,FALSE,NA,NA
85,"https://t.co/Hkn1kCZDdr Todo en un solo lugar. Prepara tus favoritos para esta noche de NBA?Ì†ºÌøÄ
---
#apuestas #banca‚Ä¶ https://t.co/rgUfPdXRFB",FALSE,0,NA,2/2/18 21:16,TRUE,NA,9.59536E+17,NA,"<a href=""https://www.socialgest.net"" rel=""nofollow"">SocialGest</a>",superbetsonline,0,FALSE,FALSE,NA,NA
86,#parleygratis aceptamos PAYPAL.  all√≠ les dejo la #directa #nba  de hoy . escribe  DOLAR a la 1390 Y recibe 4 picks‚Ä¶ https://t.co/WEnjPRP3ed,FALSE,0,NA,2/2/18 21:16,TRUE,NA,9.59536E+17,NA,"<a href=""http://twitter.com"" rel=""nofollow"">Twitter Web Client</a>",Pick_spor78,0,FALSE,FALSE,NA,NA
87,#NBA @CharlesOakley34 https://t.co/qbpFoE3fDU,FALSE,0,NA,2/2/18 21:16,FALSE,NA,9.59536E+17,NA,"<a href=""http://tweetlogix.com"" rel=""nofollow"">Tweetlogix</a>",heykim,0,FALSE,FALSE,NA,NA
88,As√≠ lo recibieron: Griffin la rompi√≥ en su debut con los Pistons y termin√≥ ba√±ado con agua fr√≠a; VIDEO:‚Ä¶ https://t.co/kRYvA894Um,FALSE,0,NA,2/2/18 21:16,TRUE,NA,9.59536E+17,NA,"<a href=""https://about.twitter.com/products/tweetdeck"" rel=""nofollow"">TweetDeck</a>",basquetplus,0,FALSE,FALSE,NA,NA
89,"A full proof, bullet proof plan to fix the Slam Dunk contest during #NBAAllStar weekend. #NBA. Featuring‚Ä¶ https://t.co/p9GHtFXxzu",FALSE,1,NA,2/2/18 21:15,TRUE,NA,9.59536E+17,NA,"<a href=""http://twitter.com/download/iphone"" rel=""nofollow"">Twitter for iPhone</a>",WingspanSports,1,FALSE,FALSE,NA,NA
90,"RT @ASidobre: King James est amateur de bon son Ì†ΩÌ∏éÌ†ΩÌ±åÌ†ºÌæ∂Ì†ΩÌ¥•
Migos ¬´¬†Too Playa¬†¬ª
#NBA
#NBAExtraNation https://t.co/6jzihCxyx9",FALSE,0,NA,2/2/18 21:15,FALSE,NA,9.59536E+17,NA,"<a href=""http://twitter.com/download/android"" rel=""nofollow"">Twitter for Android</a>",nbaextra_nation,2,TRUE,FALSE,NA,NA
91,"RT @OnTheRotoRadar: The #OTRR #NBA #DFS podcast goes live at 5 P.M. EST

In yesterday‚Äôs podcast @RotoradarCEO talked about how Blake Griffi‚Ä¶",FALSE,0,NA,2/2/18 21:15,FALSE,NA,9.59536E+17,NA,"<a href=""http://twitter.com"" rel=""nofollow"">Twitter Web Client</a>",RotoRadarCEO,4,TRUE,FALSE,NA,NA
92,"RT @OnTheRotoRadar: COUNTDOWN: 90 minutes!

Are you looking to get an edge on the competition in tonight's #NBA #DFS slate?

Start here wit‚Ä¶",FALSE,0,NA,2/2/18 21:15,FALSE,NA,9.59536E+17,NA,"<a href=""http://twitter.com"" rel=""nofollow"">Twitter Web Client</a>",rotoradarfb,5,TRUE,FALSE,NA,NA
93,RT @TheSportsDegens: Looking for help with your #NBADFS #DraftKings lineups? Check out the Quick Bricks #NBA #DFS Core-4 by @smitchell17 to‚Ä¶,FALSE,0,NA,2/2/18 21:15,FALSE,NA,9.59536E+17,NA,"<a href=""http://twitter.com/download/iphone"" rel=""nofollow"">Twitter for iPhone</a>",Positive_Vig,3,TRUE,FALSE,NA,NA
94,Beau Estes delivers Friday's #NBA TV updates. https://t.co/LRnoN5Iwnc #NBAVideo,FALSE,0,NA,2/2/18 21:15,FALSE,NA,9.59536E+17,NA,"<a href=""http://www.berzerk.org/newsbot?s=NBANewsBot"" rel=""nofollow"">NBANewsBot</a>",NBANewsBot,0,FALSE,FALSE,NA,NA
95,Kris Dunn out at least two more games - Kris Dunn | CHI https://t.co/GNQ9lM8GfA #NBA,FALSE,0,NA,2/2/18 21:15,FALSE,NA,9.59536E+17,NA,"<a href=""https://dlvrit.com/"" rel=""nofollow"">dlvr.it</a>",DFS_RANTS,0,FALSE,FALSE,NA,NA
96,"#nba #injury Kris Dunn is now Out! Comment: Dunn (concussion) will not join the Bulls on their current West Coast road trip, K.C. Johnson",FALSE,0,NA,2/2/18 21:15,FALSE,NA,9.59536E+17,NA,"<a href=""http://twitter.com/nbawojbot"" rel=""nofollow"">NBAWOJApp</a>",nbawojbot,0,FALSE,FALSE,NA,NA
97,"Free Tip: NBA 2nd Half Lines - take the UNDER 2H total, when 1st half total was 10 pts under total, AND 1H total =1‚Ä¶ https://t.co/Pc1y7ZKsM4",FALSE,0,NA,2/2/18 21:14,TRUE,NA,9.59536E+17,NA,"<a href=""http://twitter.com/download/iphone"" rel=""nofollow"">Twitter for iPhone</a>",InsiderLocksVIP,0,FALSE,FALSE,NA,NA
98,"RT @hawksbet: **** FREE PICKS ****

RETWEET AND I'LL SEND YOU THE PICKS

Follow us!!

#SPORTSBETTING #FREEPICKS #NHL #NBA¬†¬†¬†¬†¬†¬†¬†¬†¬†¬†¬†¬†¬†¬†¬†¬†¬†¬†‚Ä¶",FALSE,0,NA,2/2/18 21:14,FALSE,NA,9.59536E+17,NA,"<a href=""http://twitter.com/download/iphone"" rel=""nofollow"">Twitter for iPhone</a>",DegenJimmy,160,TRUE,FALSE,NA,NA
99,"RT @NBAItalia: Ì†ºÌøÄ Ì†ΩÌ≥ã Il programma delle partite della notte #NBA!

Alle 2:00, in diretta su @SkySport, #HEATCulture @ #HereTheyCome! https://‚Ä¶",FALSE,0,NA,2/2/18 21:14,FALSE,NA,9.59535E+17,NA,"<a href=""http://twitter.com/download/android"" rel=""nofollow"">Twitter for Android</a>",Ma29Ma7,2,TRUE,FALSE,NA,NA
100,#Bulls - Kris Dunn will not join Bulls on road trip https://t.co/jvhDHky8uU #NBA,FALSE,0,NA,2/2/18 21:14,FALSE,NA,9.59535E+17,NA,"<a href=""http://www.fantasyalarm.com/"" rel=""nofollow"">Rotoinfo.com NBA</a>",NBAFantasyAlarm,0,FALSE,FALSE,NA,NA
101,LeBron laughs at the story of him considering joining #GoldenStateWarriors @ESPN. The story circulated this week af‚Ä¶ https://t.co/V7TcOpt4RE,FALSE,2,NA,2/2/18 21:13,TRUE,NA,9.59535E+17,NA,"<a href=""http://twitter.com"" rel=""nofollow"">Twitter Web Client</a>",faithcastle21,0,FALSE,FALSE,NA,NA
102,"RT @OnTheRotoRadar: The #OTRR #NBA #DFS podcast goes live at 5 P.M. EST

In yesterday‚Äôs podcast @RotoradarCEO talked about how Blake Griffi‚Ä¶",FALSE,0,NA,2/2/18 21:13,FALSE,NA,9.59535E+17,NA,"<a href=""http://twitter.com/download/iphone"" rel=""nofollow"">Twitter for iPhone</a>",miamibob77,4,TRUE,FALSE,NA,NA
103,"‚úØÏã†Í∑ú 1ÎßåÏù¥ÏÉÅ ÍΩÅÎ®∏ÎãàÏ†ïÎ≥¥‚úØÍ∞ÄÏ°±Î∞©2Îßå,Ïã§ÏãúÍ∞ÑÏó∞Ïäπ,Ïó∞Ìå®Ïù¥Î≤§Ìä∏Ìï∏Îîî,Ïä§ÌéòÏÖú Í∏∞Ï§ÄÏ†ê1.90,ÎåÄÌòï..Í∞ÄÏ°±Î∞© Ïö¥ÏòÅÏ§ë,Îß§Ï£ºÏõîÏöîÏùº ÏÇ¨Îã§Î¶¨Î∞∞Îãπ 1.97‚úîÏπ¥ÌÜ°:zo111 #nba #Î°ØÎç∞ÏãúÎÑ§Îßà #ÌïòÎ©îÏä§Î°úÎìúÎ¶¨Í≤åÏä§ #Ïù¥Î™ÖÎ∞ï #ÎπºÎπºÎ°ú #Î©îÏù¥ÌîåÏä§ÌÜ†Î¶¨ #Ïù¥Ïù∏ #ÍΩÅÎ®∏Îãà",FALSE,0,NA,2/2/18 21:13,FALSE,NA,9.59535E+17,NA,"<a href=""http://twittbot.net/"" rel=""nofollow"">twittbot.net</a>",nbn312293039,0,FALSE,FALSE,NA,NA
104,"The East is getting loaded. BG32 to Detroit, Monroe to the Boston, and there may be more moves on the way?!! #NBA",FALSE,0,NA,2/2/18 21:13,FALSE,NA,9.59535E+17,NA,"<a href=""http://twitter.com/download/iphone"" rel=""nofollow"">Twitter for iPhone</a>",CGSMARTZ,0,FALSE,FALSE,NA,NA
105,"NBA'de bu gece Toronto Raptors , formda Portland Trail Blazers'ƒ± konuk ediyor. Ma√ß tahminimizhttps://www.sporscore.‚Ä¶ https://t.co/FfTe1OUASM",FALSE,0,NA,2/2/18 21:13,TRUE,NA,9.59535E+17,NA,"<a href=""http://twitter.com"" rel=""nofollow"">Twitter Web Client</a>",sporscore,0,FALSE,FALSE,NA,NA
106,"RT @pickoffsports_: PG: #StephCurry

SG: #KlayThompson

SF: #LeBronJames

PF: #KevinDurant

C: #DraymondGreen

Here's what #NBA fans think‚Ä¶",FALSE,0,NA,2/2/18 21:13,FALSE,NA,9.59535E+17,NA,"<a href=""http://twitter.com/download/iphone"" rel=""nofollow"">Twitter for iPhone</a>",JDM5335,1,TRUE,FALSE,NA,NA
107,"Wow, I always knocked John Wall for throwing his teammates under the bus and being a bad teammate. Then just read w‚Ä¶ https://t.co/1xWAkIY1u2",FALSE,0,NA,2/2/18 21:13,TRUE,NA,9.59535E+17,NA,"<a href=""http://twitter.com/download/android"" rel=""nofollow"">Twitter for Android</a>",JameyMessina,0,FALSE,FALSE,NA,NA
108,The latest The nba Daily! https://t.co/eINygQI7xg #ai #nba,FALSE,0,NA,2/2/18 21:13,FALSE,NA,9.59535E+17,NA,"<a href=""http://paper.li"" rel=""nofollow"">Paper.li</a>",AD_Ransom,0,FALSE,FALSE,NA,NA
109,"‚úØÏã†Í∑ú 1ÎßåÏù¥ÏÉÅ ÍΩÅÎ®∏ÎãàÏ†ïÎ≥¥‚úØÍ∞ÄÏ°±Î∞©2Îßå,Ïã§ÏãúÍ∞ÑÏó∞Ïäπ,Ïó∞Ìå®Ïù¥Î≤§Ìä∏..Ìï∏Îîî,Ïä§ÌéòÏÖú Í∏∞Ï§ÄÏ†ê1.90,Îß§Ï£ºÏõîÏöîÏùº ÏÇ¨Îã§Î¶¨Î∞∞Îãπ1.97‚úîÏπ¥ÌÜ°:zo111 #Ïó¨ÍµêÏÇ¨ #Ïã†Í≥ºÌï®Íªò #ÏµúÏ†ïÏõê #ÎèÑÏãúÏñ¥Î∂Ä #ÎØ∏Ïì∞ÏôÄÏù¥ÌîÑ #ÌïúÍµ≠ÏΩúÎ°¨ÎπÑÏïÑ #nba #Ïû•Î≥ëÏôÑ #Ïç∞Ï†Ñ #ÏûÑÏßÄ #ÍΩÅÎ®∏Îãà",FALSE,0,NA,2/2/18 21:13,FALSE,NA,9.59535E+17,NA,"<a href=""http://twittbot.net/"" rel=""nofollow"">twittbot.net</a>",bvt978164930,0,FALSE,FALSE,NA,NA
110,"RT @DavidDunn21: Unbelievable
(About a year ago)
https://t.co/5puIsxDk3H
#FearTheDeer #nba",FALSE,0,NA,2/2/18 21:13,FALSE,NA,9.59535E+17,NA,"<a href=""http://twitter.com/download/android"" rel=""nofollow"">Twitter for Android</a>",DavidDunn21,2,TRUE,FALSE,NA,NA
111,RT @NBAJPN: „Éö„É™„Ç´„É≥„Ç∫„Åå„Éñ„É´„Ç∫„Åã„Çâ„Éã„Ç≥„É©„Éª„Éü„É≠„ÉÜ„Ç£„ÉÉ„ÉÅ„ÇíÁç≤Âæó #NBA #NBAjp https://t.co/3rlyUyK64C,FALSE,0,NA,2/2/18 21:13,FALSE,NA,9.59535E+17,NA,"<a href=""http://twitter.com/download/iphone"" rel=""nofollow"">Twitter for iPhone</a>",ruka3083,50,TRUE,FALSE,NA,NA
112,"RT @DavidDunn21: Everyone Hates Milwaukee 
(from 7 months ago)
https://t.co/vI9SsMm0CI
#FearTheDeer #nba",FALSE,0,NA,2/2/18 21:13,FALSE,NA,9.59535E+17,NA,"<a href=""http://twitter.com/download/android"" rel=""nofollow"">Twitter for Android</a>",DavidDunn21,1,TRUE,FALSE,NA,NA
113,"RT @superboss3232: #LUREFridays #NBA #AllStar #Weekend #LosAngeles #2018 with #DaManDaMythDaLegendJoseph, @AndreDrummond , @playboicarti, @‚Ä¶",FALSE,0,NA,2/2/18 21:13,FALSE,NA,9.59535E+17,NA,"<a href=""http://127.0.0.1"" rel=""nofollow"">Laurus-App</a>",LaurusT001,1,TRUE,FALSE,NA,NA
114,"Ïπ¥ÌÜ°:zo112 ‚úØÏã†Í∑ú 1ÎßåÏù¥ÏÉÅ ÍΩÅÎ®∏ÎãàÏ†ïÎ≥¥‚ñ∂Ìï∏Îîî,Ïä§ÌéòÏÖú Í∏∞Ï§ÄÏ†ê1.90‚ñ∂Îß§ÏùºÍ∞ÄÏ°±Î∞©2ÎßåÏõê Ïù¥Î≤§Ìä∏ Ï∞∏Ïó¨‚ñ∂NBA,NHL Ï†ÑÍ≤ΩÍ∏∞ ÏøºÌÑ∞,ÌîºÎ¶¨Ïñ¥Îìú Ïã§ÏãúÍ∞Ñ Ï†úÍ≥µ

 #NHL #NBA #UFC #Ï±îÌîºÏñ∏Ïä§Î¶¨Í∑∏ #UEFA #Ïú†Î°úÌåå #ÏóêÏù¥ÎØ∏ #Ìô©Ïû¨Í∑†  #ÍΩÅÎ®∏Îãà",FALSE,0,NA,2/2/18 21:12,FALSE,NA,9.59535E+17,NA,"<a href=""http://twittbot.net/"" rel=""nofollow"">twittbot.net</a>",jhg78596940,0,FALSE,FALSE,NA,NA
115,RT @OrlandoMagic: Ì†ºÌºü He's back! @Double0AG is officially IN for the 2018 #VerizonDunk Contest at #NBAAllStar in L.A. Ì†ºÌºü  #NBA #PureMagic http‚Ä¶,FALSE,0,NA,2/2/18 21:12,FALSE,NA,9.59535E+17,NA,"<a href=""http://twitter.com/download/iphone"" rel=""nofollow"">Twitter for iPhone</a>",Bleinenbach407,151,TRUE,FALSE,NA,NA
116,RT @chichongo: Ì†ºÌøÄ #SanAntonio cay√≥ ante los #Rockets por 102-91 https://t.co/s5ABtq9K49 nota para @OkResumenSports #nba #GoSpursGo  #JamesHa‚Ä¶,FALSE,0,NA,2/2/18 21:12,FALSE,NA,9.59535E+17,NA,"<a href=""http://twitter.com/#!/download/ipad"" rel=""nofollow"">Twitter for iPad</a>",morouan,1,TRUE,FALSE,NA,NA
117,"Dernier pari du jour un pari NBA , la victoire des Pacers aux Hornets c√¥t√© a 2,40! #TeamParieur #NBA https://t.co/q6xEEWxG6n",FALSE,0,NA,2/2/18 21:12,FALSE,NA,9.59535E+17,NA,"<a href=""http://twitter.com/download/iphone"" rel=""nofollow"">Twitter for iPhone</a>",Pronossport3,0,FALSE,FALSE,NA,NA
118,"RT @OnTheRotoRadar: The #OTRR #NBA #DFS podcast goes live at 5 P.M. EST

In yesterday‚Äôs podcast @RotoradarCEO talked about how Blake Griffi‚Ä¶",FALSE,0,NA,2/2/18 21:12,FALSE,NA,9.59535E+17,NA,"<a href=""http://twitter.com/download/iphone"" rel=""nofollow"">Twitter for iPhone</a>",TheRotoRadar,4,TRUE,FALSE,NA,NA
119,"RT @SpectrumSN: They #LetLarryDunk‚ÄºÔ∏è

@Larrydn22 will officially be in the 2018 #NBA Slam Dunk Contest. Ì†ΩÌπåÌ†ΩÌ∏Ü https://t.co/Pd8BGfqkFG",FALSE,0,NA,2/2/18 21:12,FALSE,NA,9.59535E+17,NA,"<a href=""http://twitter.com/download/iphone"" rel=""nofollow"">Twitter for iPhone</a>",jayyeff48,38,TRUE,FALSE,NA,NA
120,RT @news4bets: 20 RT et j‚Äôenvoi le Prono 2 ‚û°Ô∏è‚ôªÔ∏è #NBA,FALSE,0,NA,2/2/18 21:12,FALSE,NA,9.59535E+17,NA,"<a href=""http://twitter.com/download/iphone"" rel=""nofollow"">Twitter for iPhone</a>",Bruno_r45,1,TRUE,FALSE,NA,NA
121,@espn Let's see that fat ass get out there and try doing a nano-byte of what @russwest44 does. I can't stand people‚Ä¶ https://t.co/Kwirb6mPby,FALSE,0,espn,2/2/18 21:12,TRUE,9.59308E+17,9.59535E+17,2557521,"<a href=""http://twitter.com"" rel=""nofollow"">Twitter Web Client</a>",FoxySportsGal,0,FALSE,FALSE,NA,NA
122,"RT @BF6NEPats: Danny Ainge Strikes Again

Greg Monroe for only $5M is without a doubt a steal in my humble opinion.....

#NBA
#CELTICS
#Gre‚Ä¶",FALSE,0,NA,2/2/18 21:12,FALSE,NA,9.59535E+17,NA,"<a href=""http://twitterstand.umiacs.umd.edu/News"" rel=""nofollow"">subcitylevelnews</a>",bostonnews002,4,TRUE,FALSE,NA,NA
123,"#LUREFridays #NBA #AllStar #Weekend #LosAngeles #2018 with #DaManDaMythDaLegendJoseph, @AndreDrummond ,‚Ä¶ https://t.co/SLdSy16EMv",FALSE,1,NA,2/2/18 21:12,TRUE,NA,9.59535E+17,NA,"<a href=""http://twitter.com/download/iphone"" rel=""nofollow"">Twitter for iPhone</a>",superboss3232,1,FALSE,FALSE,NA,NA
124,"RT @hawksbet: **** FREE PICKS ****

RETWEET AND I'LL SEND YOU THE PICKS

Follow us!!

#SPORTSBETTING #FREEPICKS #NHL #NBA¬†¬†¬†¬†¬†¬†¬†¬†¬†¬†¬†¬†¬†¬†¬†¬†¬†¬†‚Ä¶",FALSE,0,NA,2/2/18 21:12,FALSE,NA,9.59535E+17,NA,"<a href=""http://twitter.com/#!/download/ipad"" rel=""nofollow"">Twitter for iPad</a>",SteveFromErie,160,TRUE,FALSE,NA,NA
125,"RT @hawksbet: **** FREE PICKS ****

RETWEET AND I'LL SEND YOU THE PICKS

Follow us!!

#SPORTSBETTING #FREEPICKS #NHL #NBA¬†¬†¬†¬†¬†¬†¬†¬†¬†¬†¬†¬†¬†¬†¬†¬†¬†¬†‚Ä¶",FALSE,0,NA,2/2/18 21:12,FALSE,NA,9.59535E+17,NA,"<a href=""https://mobile.twitter.com"" rel=""nofollow"">Twitter Lite</a>",CurroCapping,160,TRUE,FALSE,NA,NA
126,LeBron James calls rumor of interest in joining Golden State Warriors 'nonsense' https://t.co/R3c4R3fCC0 #NBA #NOSN,FALSE,0,NA,2/2/18 21:12,FALSE,NA,9.59535E+17,NA,"<a href=""https://dlvrit.com/"" rel=""nofollow"">dlvr.it</a>",NOSNNBA,0,FALSE,FALSE,NA,NA
127,@RealBillRussell Awesome! #BillRussellBdayGiveAway #NBA #NBAAllStar #Celtics #TwitterSports,FALSE,0,RealBillRussell,2/2/18 21:11,FALSE,9.59439E+17,9.59535E+17,9.1236E+17,"<a href=""http://twitter.com"" rel=""nofollow"">Twitter Web Client</a>",gottobe2,0,FALSE,FALSE,NA,NA
128,"RT @DiarioOle: #NBA R√©cord hist√≥rico de James Harden: 60 puntos, 11 asistencias y 10 rebotes ‚û° https://t.co/a0FSaY8wUP https://t.co/bOQgGMF‚Ä¶",FALSE,0,NA,2/2/18 21:11,FALSE,NA,9.59535E+17,NA,"<a href=""http://twitter.com/download/android"" rel=""nofollow"">Twitter for Android</a>",Luisnge45467577,13,TRUE,FALSE,NA,NA
129,"I have posted 1 Pick for tonight. Make sure you follow me on Telegram Ì†ΩÌ±âÌ†ºÌøº https://t.co/9hm1Ti1x2A

#Tipster‚Ä¶ https://t.co/bt5UxSq0Ql",FALSE,0,NA,2/2/18 21:11,TRUE,NA,9.59535E+17,NA,"<a href=""http://twitter.com/download/iphone"" rel=""nofollow"">Twitter for iPhone</a>",NCAAManiacs,0,FALSE,FALSE,NA,NA
130,"RT @ApuestasKronne: Resultado Ì†ºÌøÄ #NBA
#DetroitPistons demostr√≥ su casta de ganador ante #Memphis  #ApuestasKronne #Pronosticos 

Ap√∫ntate a‚Ä¶",FALSE,0,NA,2/2/18 21:11,FALSE,NA,9.59535E+17,NA,"<a href=""http://twitter.com/download/android"" rel=""nofollow"">Twitter for Android</a>",EscarlinPena,1,TRUE,FALSE,NA,NA
131,"Friday‚Äôs card

Pacers/Hornets u209.5 (1 unit)
Sixers -4 (1 unit)
Warriors/King‚Äôs u223.5 (1 unit)
Utah Utes +1 (1 un‚Ä¶ https://t.co/AAlOvoYTlg",FALSE,0,NA,2/2/18 21:11,TRUE,NA,9.59535E+17,NA,"<a href=""http://twitter.com/download/iphone"" rel=""nofollow"">Twitter for iPhone</a>",TalkSportsNY,0,FALSE,FALSE,NA,NA
132,#NYKnicks make it official. #JoakimNoah won‚Äôt be back with the team until further notice. You what else is ‚Äúofficia‚Ä¶ https://t.co/1dQdTwDEk8,FALSE,0,NA,2/2/18 21:11,TRUE,NA,9.59535E+17,NA,"<a href=""http://twitter.com/download/iphone"" rel=""nofollow"">Twitter for iPhone</a>",bocc1_,0,FALSE,FALSE,NA,NA
133,"Natural Instinct Gut Plays (Jrue Holiday, Al Horford, Rubio, Adams, Carroll) #NBA #DFS",FALSE,0,NA,2/2/18 21:11,FALSE,NA,9.59535E+17,NA,"<a href=""http://twitter.com/download/iphone"" rel=""nofollow"">Twitter for iPhone</a>",Natural_Lap21,0,FALSE,FALSE,NA,NA
134,"The #OTRR #NBA #DFS podcast goes live at 5 P.M. EST

In yesterday‚Äôs podcast @RotoradarCEO talked about how Blake Gr‚Ä¶ https://t.co/pRiZWyH9Qe",FALSE,4,NA,2/2/18 21:11,TRUE,NA,9.59535E+17,NA,"<a href=""http://twitter.com"" rel=""nofollow"">Twitter Web Client</a>",OnTheRotoRadar,4,FALSE,FALSE,NA,NA
135,"With the exception of the game where he played 26 minutes against the Hawks, Ricky Rubio has been between 29.2 and‚Ä¶ https://t.co/MAynzD4xEl",FALSE,3,NA,2/2/18 21:11,TRUE,NA,9.59535E+17,NA,"<a href=""http://bufferapp.com"" rel=""nofollow"">Buffer</a>",RotoGrinders,0,FALSE,FALSE,NA,NA
136,"RT @bballbreakdown: I released a video on how #NBA stars rest on defense, starring the culprit on this game winner https://t.co/DatqSGf9mh‚Ä¶",FALSE,0,NA,2/2/18 21:11,FALSE,NA,9.59535E+17,NA,"<a href=""http://twitter.com/download/iphone"" rel=""nofollow"">Twitter for iPhone</a>",GTC62,78,TRUE,FALSE,NA,NA
137,"#dfs #nba #fanduel 

Who will be cooking up and filling their bowls up with the Hotgrits Ì†ΩÌ¥•Ì†ºÌΩö tonight. 

Ì†ΩÌ¥•Ì†ºÌΩöTOP STUD O‚Ä¶ https://t.co/AeSjBFrblm",FALSE,0,NA,2/2/18 21:11,TRUE,NA,9.59535E+17,NA,"<a href=""http://twitter.com/download/android"" rel=""nofollow"">Twitter for Android</a>",FantasyGrits,0,FALSE,FALSE,NA,NA
138,"Resultado Ì†ºÌøÄ #NBA
#DetroitPistons demostr√≥ su casta de ganador ante #Memphis  #ApuestasKronne #Pronosticos 

Ap√∫ntat‚Ä¶ https://t.co/z0faUSnw0y",FALSE,0,NA,2/2/18 21:10,TRUE,NA,9.59535E+17,NA,"<a href=""http://twitter.com"" rel=""nofollow"">Twitter Web Client</a>",ApuestasKronne,1,FALSE,FALSE,NA,NA
139,Now accepting orders for tonight‚Äôs NBA lines. DM for package information. ($1263.50 made by subs this weeks) $10 a‚Ä¶ https://t.co/zCVpopUdOz,FALSE,0,NA,2/2/18 21:10,TRUE,NA,9.59535E+17,NA,"<a href=""http://twitter.com/download/iphone"" rel=""nofollow"">Twitter for iPhone</a>",IsaacSmithDFS,1,FALSE,FALSE,NA,NA
140,RT @darwindunlap08: Make sure you hit up @FanduelHoopster for  #nba #dfs line that will get you in the cash line,FALSE,0,NA,2/2/18 21:10,FALSE,NA,9.59535E+17,NA,"<a href=""http://www.pickdraft.com"" rel=""nofollow"">#DFS Retweet</a>",PickDraftDFS,2,TRUE,FALSE,NA,NA
141,RT @SportsStockInc: 2/2 #NBA  BOL Ì†ºÌΩÄ https://t.co/oSbeXQVdWF,FALSE,0,NA,2/2/18 21:10,FALSE,NA,9.59535E+17,NA,"<a href=""http://twitter.com/download/iphone"" rel=""nofollow"">Twitter for iPhone</a>",SportsStockInc,2,TRUE,FALSE,NA,NA
142,"RT @UnibetFrance: Ì†ºÌøÄÌ†ºÌæÅ Combien de points pour la recrue B.Griffin cette nuit en #NBA ? Ì†æÌ¥ë 5x20‚Ç¨ #FreeBetUnibet √† gagner ! 

#TeamParieur https‚Ä¶",FALSE,0,NA,2/2/18 21:10,FALSE,NA,9.59535E+17,NA,"<a href=""http://twitter.com/download/iphone"" rel=""nofollow"">Twitter for iPhone</a>",AntoiiiineW,570,TRUE,FALSE,NA,NA
143,RT @FPDFS: Looking for cheaper options for your #NBA #DFS lineups? @DannaHanashiro has 6 recommendations under $6K https://t.co/avhjCQmkRD,FALSE,0,NA,2/2/18 21:10,FALSE,NA,9.59534E+17,NA,"<a href=""http://twitter.com/download/iphone"" rel=""nofollow"">Twitter for iPhone</a>",DannaHanashiro,2,TRUE,FALSE,NA,NA
144,"RT @OnTheRotoRadar: OTRR COUNTDOWN: 1 hour!

Get ready for the best #NBA #DFS pod in the industry!

Today @RotoRadarCEO and @ericsports are‚Ä¶",FALSE,0,NA,2/2/18 21:10,FALSE,NA,9.59534E+17,NA,"<a href=""http://twitter.com"" rel=""nofollow"">Twitter Web Client</a>",rotoradarfb,7,TRUE,FALSE,NA,NA
145,#nba #injury Lauri Markkanen is now Day-To-Day! Comment: Markkanen (personal) will remain out Saturday against the Clippers.,FALSE,0,NA,2/2/18 21:10,FALSE,NA,9.59534E+17,NA,"<a href=""http://twitter.com/nbawojbot"" rel=""nofollow"">NBAWOJApp</a>",nbawojbot,0,FALSE,FALSE,NA,NA
146,"RT @BF6NEPats: Danny Ainge Strikes Again

Greg Monroe for only $5M is without a doubt a steal in my humble opinion.....

#NBA
#CELTICS
#Gre‚Ä¶",FALSE,0,NA,2/2/18 21:09,FALSE,NA,9.59534E+17,NA,"<a href=""http://twitter.com/download/android"" rel=""nofollow"">Twitter for Android</a>",EmilioLimaSCCP,4,TRUE,FALSE,NA,NA
147,"#NBA All Star Saturday Night featuring Dunk and 3-Point Contests... - Los Angeles  $1,562.50 -‚Ä¶ https://t.co/AQuF8pGdRr",FALSE,0,NA,2/2/18 21:09,TRUE,NA,9.59534E+17,NA,"<a href=""http://grabyourtickets.net"" rel=""nofollow"">GrabYourTickets.net</a>",grabtickets,0,FALSE,FALSE,NA,NA
148,#NBA GOTN #Blazers - #Raptors,FALSE,0,NA,2/2/18 21:09,FALSE,NA,9.59534E+17,NA,"<a href=""http://www.cloudhopper.com/"" rel=""nofollow"">Cloudhopper</a>",NYCKING,0,FALSE,FALSE,NA,NA
149,"RT @OnTheRotoRadar: OTRR COUNTDOWN: 1 hour!

Get ready for the best #NBA #DFS pod in the industry!

Today @RotoRadarCEO and @ericsports are‚Ä¶",FALSE,0,NA,2/2/18 21:09,FALSE,NA,9.59534E+17,NA,"<a href=""http://cinchtweet.com/"" rel=""nofollow"">CinchTweet_ViralSportsClub</a>",viralsportsclub,7,TRUE,FALSE,NA,NA
150,"RT @BasketDVines: Solo un genio como Magic era capaz de hacer cosas como estas despues de estar 5 a√±os retirado!! Ì†ΩÌ±åÌ†ΩÌ¥ùÌ†ΩÌ≤Ø
#NBA https://t.co/Gg1‚Ä¶",FALSE,0,NA,2/2/18 21:09,FALSE,NA,9.59534E+17,NA,"<a href=""http://twitter.com/download/android"" rel=""nofollow"">Twitter for Android</a>",DanielGG1994,8,TRUE,FALSE,NA,NA
151,"Retweet, Like, and Comment! https://t.co/cL8frdfzHc shared *#Rare* #NBA #YOUNGBOY #Fighting #Atlanta_Fights‚Ä¶ https://t.co/slvqpwkuIy",FALSE,0,NA,2/2/18 21:09,TRUE,NA,9.59534E+17,NA,"<a href=""http://royalsealent.com"" rel=""nofollow"">Royal Seal Ent</a>",royalsealentllc,0,FALSE,FALSE,NA,NA
152,RT @FanViceDFS: Ì†ºÌøÄÌ†ºÌøÄÌ†ºÌøÄFREE Get ready for Friday's #NBA Action on @FantasyDraft with our FREE analysis from @ShipMyMoneyDFS &gt;&gt;&gt; https://t.co/ue‚Ä¶,FALSE,0,NA,2/2/18 21:09,FALSE,NA,9.59534E+17,NA,"<a href=""http://twitter.com/download/iphone"" rel=""nofollow"">Twitter for iPhone</a>",noletec,1,TRUE,FALSE,NA,NA
153,#RasualButler #NBA #LeahValdowski #AmericanIdol #Spurs #HEATCulture #HeatNation #Clippers #CLIPPERSNATION‚Ä¶ https://t.co/xn2oAudFmq,FALSE,0,NA,2/2/18 21:09,TRUE,NA,9.59534E+17,NA,"<a href=""http://twitter.com/download/android"" rel=""nofollow"">Twitter for Android</a>",MrLexterDexter,0,FALSE,FALSE,NA,NA
154,"RT @BasketDVines: Solo un genio como Magic era capaz de hacer cosas como estas despues de estar 5 a√±os retirado!! Ì†ΩÌ±åÌ†ΩÌ¥ùÌ†ΩÌ≤Ø
#NBA https://t.co/Gg1‚Ä¶",FALSE,0,NA,2/2/18 21:08,FALSE,NA,9.59534E+17,NA,"<a href=""http://twitter.com/download/android"" rel=""nofollow"">Twitter for Android</a>",Acostajoaquin12,8,TRUE,FALSE,NA,NA
155,"#TrustTheProcess -4 .5U
#TrustTheProcess ML 1 U
#NBA Ì†ºÌΩÄÌ†ΩÌ±î",FALSE,0,NA,2/2/18 21:08,FALSE,NA,9.59534E+17,NA,"<a href=""http://twitter.com/download/iphone"" rel=""nofollow"">Twitter for iPhone</a>",dunnoner,0,FALSE,FALSE,NA,NA
156,"Resultados #NBA:
#DetroitBasketball 104 - 102 #GrindCity
#DCFamily 122 - 119 #WeTheNorth
#AllEyesNorth 108 - 89‚Ä¶ https://t.co/uBxN1ivyJY",FALSE,0,NA,2/2/18 21:08,TRUE,NA,9.59534E+17,NA,"<a href=""http://twitter.com/download/android"" rel=""nofollow"">Twitter for Android</a>",baloncesto4fans,0,FALSE,FALSE,NA,NA
157,"RT @BF6NEPats: Danny Ainge Strikes Again

Greg Monroe for only $5M is without a doubt a steal in my humble opinion.....

#NBA
#CELTICS
#Gre‚Ä¶",FALSE,0,NA,2/2/18 21:08,FALSE,NA,9.59534E+17,NA,"<a href=""http://twitter.com/download/iphone"" rel=""nofollow"">Twitter for iPhone</a>",AdolfTarin,4,TRUE,FALSE,NA,NA
158,"#NBA day starts in 3hrs.Check my #tips https://t.co/dPEy4UyHBs #Bank +150
#Pacers/#BuzzCity
#TrueToAtlanta/#celtics‚Ä¶ https://t.co/Kfy4vZj7WZ",FALSE,0,NA,2/2/18 21:08,TRUE,NA,9.59534E+17,NA,"<a href=""http://twitter.com"" rel=""nofollow"">Twitter Web Client</a>",nchrisop,0,FALSE,FALSE,NA,NA
159,"#NBA later tonight @ColossusBets.  Here are the #Syndicates taking on the two #PICK5 pools
0:00
‚ñ∂Ô∏è‚Ä¶ https://t.co/xVB7UJqeQs",FALSE,1,NA,2/2/18 21:08,TRUE,NA,9.59534E+17,NA,"<a href=""http://twitter.com"" rel=""nofollow"">Twitter Web Client</a>",CBsyndicates,1,FALSE,FALSE,NA,NA
160,"RT @adonis_dees: So my producer made me do a video today lol so here it is, my first one for @FRSHoopz @FanRagSports, enjoy Ì†ΩÌ∏Ö

#NBA 
(Shout‚Ä¶",FALSE,0,NA,2/2/18 21:08,FALSE,NA,9.59534E+17,NA,"<a href=""http://twitter.com"" rel=""nofollow"">Twitter Web Client</a>",CjTheKid24,8,TRUE,FALSE,NA,NA
161,"RT @Sportags: El final del Oklahoma City Thunder 124-127 Denver Nuggets de anoche, fue absolutamente ESPECTACULAR. #NBA en estado puro...‚Ä¶",FALSE,0,NA,2/2/18 21:08,FALSE,NA,9.59534E+17,NA,"<a href=""http://twitter.com/download/android"" rel=""nofollow"">Twitter for Android</a>",fabridenis17,90,TRUE,FALSE,NA,NA
162,Holliday: Union 'discussing possibilities' about how to kick-start market Spring training reporting dates are rapid‚Ä¶ https://t.co/xZ8Z3HtHqT,FALSE,1,NA,2/2/18 21:08,TRUE,NA,9.59534E+17,NA,"<a href=""http://twibble.io"" rel=""nofollow"">Twibble.io</a>",GlobalSportsCtr,1,FALSE,FALSE,NA,NA
163,"RT @FantasyDraft: *gives out free ticket to #NBA Tip In*
*gives out free ticket to #NBA Tip In*
*gives out free ticket to #NBA Tip In*
(rep‚Ä¶",FALSE,0,NA,2/2/18 21:08,FALSE,NA,9.59534E+17,NA,"<a href=""http://twitter.com/download/iphone"" rel=""nofollow"">Twitter for iPhone</a>",klabel12,38,TRUE,FALSE,NA,NA
164,THE FIRST DOMINO? Was Blake Griffin going to the Pistons the first big move ahead of the #NBA trade deadline?‚Ä¶ https://t.co/nqhSrXsvGL,FALSE,3,NA,2/2/18 21:08,TRUE,NA,9.59534E+17,NA,"<a href=""https://about.twitter.com/products/tweetdeck"" rel=""nofollow"">TweetDeck</a>",SportsCentre,0,FALSE,FALSE,NA,NA
165,"RT @ForwardMileNBA: #NBA @DraftKings #KeyThree: 2/2/18 via: @NapeTime

https://t.co/OVoDbGNYWL",FALSE,0,NA,2/2/18 21:08,FALSE,NA,9.59534E+17,NA,"<a href=""http://twitter.com/download/iphone"" rel=""nofollow"">Twitter for iPhone</a>",ForwardMileNBA,2,TRUE,FALSE,NA,NA
166,"RT @BasketDVines: Solo un genio como Magic era capaz de hacer cosas como estas despues de estar 5 a√±os retirado!! Ì†ΩÌ±åÌ†ΩÌ¥ùÌ†ΩÌ≤Ø
#NBA https://t.co/Gg1‚Ä¶",FALSE,0,NA,2/2/18 21:08,FALSE,NA,9.59534E+17,NA,"<a href=""http://twitter.com/download/android"" rel=""nofollow"">Twitter for Android</a>",AngeloRoes,8,TRUE,FALSE,NA,NA
167,"RT @ForwardMileNBA: #NBA Las Vegas Locks: 2/2/18 via: @drgator
https://t.co/LiBM1khziz",FALSE,0,NA,2/2/18 21:08,FALSE,NA,9.59534E+17,NA,"<a href=""http://twitter.com/download/iphone"" rel=""nofollow"">Twitter for iPhone</a>",ForwardMileNBA,1,TRUE,FALSE,NA,NA
168,"RT @ForwardMileNBA: #NBA @PlayDraft Targets: 2/2/18 via: @DFSfromDan
https://t.co/Te8ZKJjTe4",FALSE,0,NA,2/2/18 21:08,FALSE,NA,9.59534E+17,NA,"<a href=""http://twitter.com/download/iphone"" rel=""nofollow"">Twitter for iPhone</a>",ForwardMileNBA,2,TRUE,FALSE,NA,NA
169,Vikings GM predicts Cook to have Peterson-like comeback from torn ACL by Dylan Perego 30m ago The post Vikings GM p‚Ä¶ https://t.co/dktBFEBcvA,FALSE,0,NA,2/2/18 21:08,TRUE,NA,9.59534E+17,NA,"<a href=""http://twibble.io"" rel=""nofollow"">Twibble.io</a>",GlobalSportsCtr,0,FALSE,FALSE,NA,NA
170,2U  #NBA #Wager just released for tonight! Lets keep the +EV moves coming! winning week #3 in a row!,FALSE,0,NA,2/2/18 21:07,FALSE,NA,9.59534E+17,NA,"<a href=""http://twitter.com"" rel=""nofollow"">Twitter Web Client</a>",FrankDannetti,0,FALSE,FALSE,NA,NA
171,"Ì†ΩÌ¥•Ì†ºÌøÄ Top #DFS Stacks* in #NBA Ì†ºÌøÄÌ†ΩÌ¥•
Ì†æÌµáGolden State Warriors
Ì†æÌµàOklahoma City Thunder
Ì†æÌµâToronto Raptors
*Based on Implied Sco‚Ä¶ https://t.co/zRGkcvLIsx",FALSE,0,NA,2/2/18 21:07,TRUE,NA,9.59534E+17,NA,"<a href=""http://www.google.com"" rel=""nofollow"">Rotolytics Auto-Tweeter</a>",rotolytics,0,FALSE,FALSE,NA,NA
172,RT @TheSportsDegens: Looking for help with your #NBADFS #DraftKings lineups? Check out the Quick Bricks #NBA #DFS Core-4 by @smitchell17 to‚Ä¶,FALSE,0,NA,2/2/18 21:07,FALSE,NA,9.59534E+17,NA,"<a href=""http://twitter.com/download/iphone"" rel=""nofollow"">Twitter for iPhone</a>",bdentrek,3,TRUE,FALSE,NA,NA
173,Looking for help with your #NBADFS #DraftKings lineups? Check out the Quick Bricks #NBA #DFS Core-4 by @smitchell17‚Ä¶ https://t.co/0agvWIiW5u,FALSE,2,NA,2/2/18 21:07,TRUE,NA,9.59534E+17,NA,"<a href=""http://twitter.com/download/iphone"" rel=""nofollow"">Twitter for iPhone</a>",TheSportsDegens,3,FALSE,FALSE,NA,NA
174,Thread: stanotte schedina #NBA! Fate i vostri pronosticiÌ†ΩÌ±åÌ†ΩÌ±å,FALSE,1,NA,2/2/18 21:07,FALSE,NA,9.59534E+17,NA,"<a href=""http://twitter.com/download/android"" rel=""nofollow"">Twitter for Android</a>",DaviMxtaa,0,FALSE,FALSE,NA,NA
175,#Bulls - Lauri Markkanen will remain out Saturday https://t.co/UafgVtUtqS #NBA,FALSE,0,NA,2/2/18 21:07,FALSE,NA,9.59534E+17,NA,"<a href=""http://www.fantasyalarm.com/"" rel=""nofollow"">Rotoinfo.com NBA</a>",NBAFantasyAlarm,0,FALSE,FALSE,NA,NA
176,"RT @HawksOnFSSE: GAME DAY | #NBA

Ì†ºÌøÄ #TrueToAtlanta vs. #Celtics
‚è∞ 7:00 p.m. ET | @ATLHawks LIVE
Ì†ΩÌ≥∫ FOX Sports Southeast
Ì†ΩÌ≥≤ FOX Sports GO
Ì†ºÌæôÔ∏è @‚Ä¶",FALSE,0,NA,2/2/18 21:07,FALSE,NA,9.59534E+17,NA,"<a href=""http://twitter.com/download/iphone"" rel=""nofollow"">Twitter for iPhone</a>",JaredYeldellMV,10,TRUE,FALSE,NA,NA
177,"RT @FantasyDraft: *gives out free ticket to #NBA Tip In*
*gives out free ticket to #NBA Tip In*
*gives out free ticket to #NBA Tip In*
(rep‚Ä¶",FALSE,0,NA,2/2/18 21:07,FALSE,NA,9.59534E+17,NA,"<a href=""http://twitter.com/download/iphone"" rel=""nofollow"">Twitter for iPhone</a>",JSalone22,38,TRUE,FALSE,NA,NA
178,"ÎëòÎ¶¨Ìã∞ÎπÑ https://t.co/Xsm5GUMIa5  https://t.co/Xsm5GUMIa5

Àê #mlb #ÌîÑÎ¶¨Î©îÎùºÎ¶¨Í∞Ä #Î©îÏù¥Ï†ÄÎ¶¨Í∑∏

#ÏùºÎ≥∏ÏïºÍµ¨ #nba #ÌîÑÎ¶¨ÎØ∏Ïñ¥Î¶¨Í∑∏ #Ï∂ïÍµ¨Ï§ëÍ≥Ñ #Ìï¥Ïô∏Ï∂ïÍµ¨

#Ïä§Ìè¨Ï∏†Ï§ëÍ≥Ñ #Î¨¥Î£åÏ§ëÍ≥Ñ #Ìï¥Ïô∏Ïä§Ìè¨Ï∏†Ï§ëÍ≥Ñ",FALSE,0,NA,2/2/18 21:07,FALSE,NA,9.59534E+17,NA,"<a href=""http://twittbot.net/"" rel=""nofollow"">twittbot.net</a>",Livetv777C,0,FALSE,FALSE,NA,NA
179,".@StephensonLance talks about getting under @KingJames skin. 

He told me what he feels he has to do in order to th‚Ä¶ https://t.co/G42Nmyr3tQ",FALSE,2,NA,2/2/18 21:07,TRUE,NA,9.59534E+17,NA,"<a href=""http://twitter.com"" rel=""nofollow"">Twitter Web Client</a>",AshNoelleTV,1,FALSE,FALSE,NA,NA
180,"Lonzo Ball, Kyle Kuzma and the Lakers share their road routines and rituals... https://t.co/dPKMRnkpc7 #Lakers‚Ä¶ https://t.co/6yWYPDoibo",FALSE,0,NA,2/2/18 21:07,TRUE,NA,9.59534E+17,NA,"<a href=""https://about.twitter.com/products/tweetdeck"" rel=""nofollow"">TweetDeck</a>",SoCalSports4You,0,FALSE,FALSE,NA,NA
181,"RT @BF6NEPats: Danny Ainge Strikes Again

Greg Monroe for only $5M is without a doubt a steal in my humble opinion.....

#NBA
#CELTICS
#Gre‚Ä¶",FALSE,0,NA,2/2/18 21:06,FALSE,NA,9.59534E+17,NA,"<a href=""http://twitter.com/download/iphone"" rel=""nofollow"">Twitter for iPhone</a>",ShokiScientist,4,TRUE,FALSE,NA,NA
182,"RT @nbaextra: ‚≠ê Votre programme #NBA  
‚û°Ô∏è beIN SPORTS 1
Ì†ºÌøÄ 1H30 Indiana @ Charlotte https://t.co/Sc9j6NSeCn",FALSE,0,NA,2/2/18 21:06,FALSE,NA,9.59533E+17,NA,"<a href=""http://twitter.com"" rel=""nofollow"">Twitter Web Client</a>",dje_sk,10,TRUE,FALSE,NA,NA
183,"RT @ASAP_SportsNews: NBA - On this day in 2009: @kobebryant drops 61 PTS at Madison Square Garden! #NBA 
 https://t.co/RgiwJBnOTx",FALSE,0,NA,2/2/18 21:06,FALSE,NA,9.59533E+17,NA,"<a href=""http://twitter.com/download/iphone"" rel=""nofollow"">Twitter for iPhone</a>",ConsulESFJ,18,TRUE,FALSE,NA,NA
184,"Murray blows past Steven Adams
Nba Twitter ""Adam's solid defender, great play by Murray""
Russ blows past Jokic 
Nba‚Ä¶ https://t.co/vD3NDjqthS",FALSE,0,NA,2/2/18 21:06,TRUE,NA,9.59533E+17,NA,"<a href=""http://twitter.com"" rel=""nofollow"">Twitter Web Client</a>",JacobRoggero,0,FALSE,FALSE,NA,NA
185,"@HoustonRockets @TitosVodka NBA record for most points in a season is 4,029 (by Wilt Chamberlain). Best result of a‚Ä¶ https://t.co/gx5vjX3ART",FALSE,0,HoustonRockets,2/2/18 21:06,TRUE,9.59532E+17,9.59533E+17,19077044,"<a href=""http://twitter.com"" rel=""nofollow"">Twitter Web Client</a>",kjnbareports,0,FALSE,FALSE,NA,NA
186,RT @SportsOnTheGo1: Sportsonthego1 3rd and Long Speedy Pete #superbowl52 #nba #mlb https://t.co/lDbptY5XLG,FALSE,0,NA,2/2/18 21:05,FALSE,NA,9.59533E+17,NA,"<a href=""https://periscope.tv"" rel=""nofollow"">Periscope</a>",MsFutureLatosha,1,TRUE,FALSE,NA,NA
187,"RT @OnTheRotoRadar: OTRR COUNTDOWN: 1 hour!

Get ready for the best #NBA #DFS pod in the industry!

Today @RotoRadarCEO and @ericsports are‚Ä¶",FALSE,0,NA,2/2/18 21:05,FALSE,NA,9.59533E+17,NA,"<a href=""http://twitter.com/download/iphone"" rel=""nofollow"">Twitter for iPhone</a>",DFSJorgy12,7,TRUE,FALSE,NA,NA
188,"RT @GSSportsTweets: WOW @ today‚Äôs #NBA news... Ladies and gentlemen, Greg Monroe is now a Boston Celtic! https://t.co/hyvszyuWjh",FALSE,0,NA,2/2/18 21:05,FALSE,NA,9.59533E+17,NA,"<a href=""http://twitter.com/download/android"" rel=""nofollow"">Twitter for Android</a>",blvckthegoat,5,TRUE,FALSE,NA,NA
189,RT @NBAJPN: „Ç¥„É©„É≥„Éª„Éâ„É©„ÇÆ„ÉÉ„ÉÅ„Åå„Ç±„Éì„É≥„Éª„É©„Éñ„Å´‰ª£„Çè„Çä„Ç™„Éº„É´„Çπ„Çø„Éº„Ç≤„Éº„É†„Å´‰ª£ÊõøÂá∫Â†¥ #NBA #NBAjp https://t.co/9r6kd6Aiml,FALSE,0,NA,2/2/18 21:05,FALSE,NA,9.59533E+17,NA,"<a href=""http://twitter.com/download/iphone"" rel=""nofollow"">Twitter for iPhone</a>",BoB71017stephan,76,TRUE,FALSE,NA,NA
190,7 #NBA Players With Crazy Phobias https://t.co/PCRZAJXXve https://t.co/fLBFTld7WL,FALSE,0,NA,2/2/18 21:05,FALSE,NA,9.59533E+17,NA,"<a href=""https://www.socialoomph.com"" rel=""nofollow"">SocialOomph</a>",NBA_Mixes,0,FALSE,FALSE,NA,NA
191,Sportsonthego1 3rd and Long Speedy Pete #superbowl52 #nba #mlb https://t.co/lDbptY5XLG,FALSE,0,NA,2/2/18 21:05,FALSE,NA,9.59533E+17,NA,"<a href=""https://periscope.tv"" rel=""nofollow"">Periscope</a>",SportsOnTheGo1,1,FALSE,FALSE,NA,NA
192,"Ì†ΩÌ¥•Championnat 3vs3 Ì†ΩÌ¥•

Ì†ΩÌ≤Ø 10 √©quipes inscrites !
Ì†ΩÌ≥Ö Le championnat commence !

‚ÑπÔ∏è Tous les d√©tails sur le #2kChamp3on3‚Ä¶ https://t.co/nogY1nBntm",FALSE,0,NA,2/2/18 21:05,TRUE,NA,9.59533E+17,NA,"<a href=""http://twitter.com/download/android"" rel=""nofollow"">Twitter for Android</a>",NBA2k_Fr,0,FALSE,FALSE,NA,NA
193,#ViernesDeGanarSeguidores #SIGUEMEYTESIGO #Folloback #SabadoDeGanarSeguidores Feliz Fin de Semana #3Feb‚Ä¶ https://t.co/CorvGzTlHH,FALSE,0,NA,2/2/18 21:05,TRUE,NA,9.59533E+17,NA,"<a href=""http://twitter.com"" rel=""nofollow"">Twitter Web Client</a>",BaseSoftCCS,0,FALSE,FALSE,NA,NA
194,RT @sportsbetaid: Free sports betting picks and recent trends on Friday - https://t.co/xufFFjWXd6 #NBA #NBApicks #CollegeBasketball #Colleg‚Ä¶,FALSE,0,NA,2/2/18 21:05,FALSE,NA,9.59533E+17,NA,"<a href=""http://twitter.com"" rel=""nofollow"">Twitter Web Client</a>",OneSharpSquare,1,TRUE,FALSE,NA,NA
195,#nba #injury Tony Allen is now Day-To-Day! Comment: day-to-day,FALSE,0,NA,2/2/18 21:05,FALSE,NA,9.59533E+17,NA,"<a href=""http://twitter.com/nbawojbot"" rel=""nofollow"">NBAWOJApp</a>",nbawojbot,0,FALSE,FALSE,NA,NA
196,#nba #injury Omer Asik is now Day-To-Day! Comment: day-to-day,FALSE,0,NA,2/2/18 21:05,FALSE,NA,9.59533E+17,NA,"<a href=""http://twitter.com/nbawojbot"" rel=""nofollow"">NBAWOJApp</a>",nbawojbot,0,FALSE,FALSE,NA,NA
197,#nba #injury Jameer Nelson is now Day-To-Day! Comment: day-to-day,FALSE,0,NA,2/2/18 21:05,FALSE,NA,9.59533E+17,NA,"<a href=""http://twitter.com/nbawojbot"" rel=""nofollow"">NBAWOJApp</a>",nbawojbot,0,FALSE,FALSE,NA,NA
198,"#nba #injury Willie Cauley-Stein is now Day-To-Day! Comment: Cauley-Stein (knee) is probable for Friday's game against the Warriors, James",FALSE,0,NA,2/2/18 21:05,FALSE,NA,9.59533E+17,NA,"<a href=""http://twitter.com/nbawojbot"" rel=""nofollow"">NBAWOJApp</a>",nbawojbot,0,FALSE,FALSE,NA,NA
199,"Podcast @NBA2600mts |

SoundCloud: https://t.co/niryPTWjGk
iVoox: https://t.co/LUc5Uoph7n
Spreaker:‚Ä¶ https://t.co/I4t8EJiy0W",FALSE,0,NA,2/2/18 21:05,TRUE,NA,9.59533E+17,NA,"<a href=""https://about.twitter.com/products/tweetdeck"" rel=""nofollow"">TweetDeck</a>",yankeerolo,0,FALSE,FALSE,NA,NA
200,"RT @camisa_23: Passando pra avisar que sexta-feira √© dia de rodada cheia na #NBA!!! E como de costume teremos duas transmiss√µes na ESPN, de‚Ä¶",FALSE,0,NA,2/2/18 21:04,FALSE,NA,9.59533E+17,NA,"<a href=""http://twitter.com"" rel=""nofollow"">Twitter Web Client</a>",gpnunes10,3,TRUE,FALSE,NA,NA
201,RT @hispanosnba: Los Spurs podr√≠an estar interesados en Willy Hernang√≥mez https://t.co/iXewVoXuGj #NBA,FALSE,0,NA,2/2/18 21:04,FALSE,NA,9.59533E+17,NA,"<a href=""http://twitter.com/download/android"" rel=""nofollow"">Twitter for Android</a>",pedroSanchez233,3,TRUE,FALSE,NA,NA
202,Must read for #nba fans https://t.co/Jtyta0F0Ya,FALSE,0,NA,2/2/18 21:04,FALSE,NA,9.59533E+17,NA,"<a href=""http://twitter.com/download/android"" rel=""nofollow"">Twitter for Android</a>",belowtherimpod,0,FALSE,FALSE,NA,NA
203,RT @Wapa2Deportes: #NBAxWapa2 esta noche #NBA https://t.co/2ktN2kMj80,FALSE,0,NA,2/2/18 21:04,FALSE,NA,9.59533E+17,NA,"<a href=""http://www.twitter.com"" rel=""nofollow"">Twitter for Windows</a>",fwpipo,2,TRUE,FALSE,NA,NA
204,"Pron√≥sticos para esta jornada de #nba
Victoria de Indiana, Lakers y Portland
Totales
LAL - BKN - 216,5
POR - TOR -‚Ä¶ https://t.co/vXupRTjsW5",FALSE,0,NA,2/2/18 21:04,TRUE,NA,9.59533E+17,NA,"<a href=""http://twitter.com/download/android"" rel=""nofollow"">Twitter for Android</a>",Bsktapuestas,0,FALSE,FALSE,NA,NA
205,@NBA @ESPNNBA @MiamiHEAT @sixers @warriors @SacramentoKings The @warriors have won 15 of their last 17 regular seas‚Ä¶ https://t.co/aZTPAuattR,FALSE,0,NBA,2/2/18 21:04,TRUE,9.59532E+17,9.59533E+17,19923144,"<a href=""http://twitter.com"" rel=""nofollow"">Twitter Web Client</a>",kjnbareports,0,FALSE,FALSE,NA,NA
206,Due to a scheduling conflict my podcast won't be dropping this week. Sorry for anyone looking for it today. We will‚Ä¶ https://t.co/7eGWoUgKba,FALSE,1,NA,2/2/18 21:04,TRUE,NA,9.59533E+17,NA,"<a href=""http://twitter.com/download/android"" rel=""nofollow"">Twitter for Android</a>",LuckyDogsDFS,0,FALSE,FALSE,NA,NA
207,#NBA: Blake Griffin de #ItTakesEverything a #DetroitBasketball!. Debuto anoche: 24 pts / 10 asi / 5 reb / 1 rob!. https://t.co/BMiTjPgPv8,FALSE,0,NA,2/2/18 21:04,FALSE,NA,9.59533E+17,NA,"<a href=""http://twitter.com/download/android"" rel=""nofollow"">Twitter for Android</a>",AllSportsPy,0,FALSE,FALSE,NA,NA
208,"RT @nbaextra: ‚≠ê Votre programme #NBA  
‚û°Ô∏è beIN SPORTS 1
Ì†ºÌøÄ 1H30 Indiana @ Charlotte https://t.co/Sc9j6NSeCn",FALSE,0,NA,2/2/18 21:04,FALSE,NA,9.59533E+17,NA,"<a href=""http://twitter.com/download/android"" rel=""nofollow"">Twitter for Android</a>",melois_nathan,10,TRUE,FALSE,NA,NA
209,"#VIP #Picks for February 2
#FreePick
#NBA #Basketball
#Jazz @ #Suns | #Beton UNDER 101 on the first half.‚Ä¶ https://t.co/Diwj054vp6",FALSE,1,NA,2/2/18 21:03,TRUE,NA,9.59533E+17,NA,"<a href=""http://publicize.wp.com/"" rel=""nofollow"">WordPress.com</a>",thejohnnyoats,0,FALSE,FALSE,NA,NA
210,#Basquet|#NBA| Hoy juegan los @nyknicks vs los @Bucks quien ganar√°? #Knicks #FearTheDeer,FALSE,0,NA,2/2/18 21:03,FALSE,NA,9.59533E+17,NA,"<a href=""http://twitter.com/download/android"" rel=""nofollow"">Twitter for Android</a>",NoticiasNBA3,0,FALSE,FALSE,NA,NA
211,Que franquicia de mierda. #NBA https://t.co/f0XXhMKI3m,FALSE,0,NA,2/2/18 21:03,FALSE,NA,9.59533E+17,NA,"<a href=""http://twitter.com/download/android"" rel=""nofollow"">Twitter for Android</a>",AgusRockstain,0,FALSE,FALSE,NA,NA
212,Free sports betting picks and recent trends on Friday - https://t.co/xufFFjWXd6 #NBA #NBApicks #CollegeBasketball‚Ä¶ https://t.co/KziSZWuBQN,FALSE,2,NA,2/2/18 21:03,TRUE,NA,9.59533E+17,NA,"<a href=""http://twitter.com"" rel=""nofollow"">Twitter Web Client</a>",sportsbetaid,1,FALSE,FALSE,NA,NA
213,"RT @OnTheRotoRadar: OTRR COUNTDOWN: 1 hour!

Get ready for the best #NBA #DFS pod in the industry!

Today @RotoRadarCEO and @ericsports are‚Ä¶",FALSE,0,NA,2/2/18 21:03,FALSE,NA,9.59533E+17,NA,"<a href=""http://twitter.com/download/iphone"" rel=""nofollow"">Twitter for iPhone</a>",Jriemer61,7,TRUE,FALSE,NA,NA
214,Solid time with @BlackAndOutside aka Miles on today‚Äôs podcast. We covered EVERYTHING #NBA. Quick back-to-back for W‚Ä¶ https://t.co/F0CgBaQfVF,FALSE,0,NA,2/2/18 21:03,TRUE,NA,9.59533E+17,NA,"<a href=""https://about.twitter.com/products/tweetdeck"" rel=""nofollow"">TweetDeck</a>",kogitare,0,FALSE,FALSE,NA,NA
215,Liukin resigns as U.S. gymnastics coordinator https://t.co/4mOsFBNyLi Via @ESPN‚úîÔ∏è#Sports #NFL #NBA #MLB #NCAAF #NHL,FALSE,0,NA,2/2/18 21:03,FALSE,NA,9.59533E+17,NA,"<a href=""https://dlvrit.com/"" rel=""nofollow"">dlvr.it</a>",stevenacurtis,0,FALSE,FALSE,NA,NA
216,"RT @Hoops_Bucks: Bucks Rumors: O‚ÄôQuinn, Dellavedova, Vaughn https://t.co/58Jqblj4he #bucks #nba",FALSE,0,NA,2/2/18 21:03,FALSE,NA,9.59533E+17,NA,"<a href=""http://twitter.com"" rel=""nofollow"">Twitter Web Client</a>",Robert_Z77,1,TRUE,FALSE,NA,NA
217,#NBA'de sezonun en √ßok 3'l√ºk isabet bulan oyuncularƒ±! https://t.co/pW5BAgK4WP,FALSE,29,NA,2/2/18 21:03,FALSE,NA,9.59533E+17,NA,"<a href=""https://studio.twitter.com"" rel=""nofollow"">Media Studio</a>",NBATurkiye,1,FALSE,FALSE,NA,NA
218,"RT @OnTheRotoRadar: OTRR COUNTDOWN: 1 hour!

Get ready for the best #NBA #DFS pod in the industry!

Today @RotoRadarCEO and @ericsports are‚Ä¶",FALSE,0,NA,2/2/18 21:03,FALSE,NA,9.59533E+17,NA,"<a href=""http://twitter.com/download/iphone"" rel=""nofollow"">Twitter for iPhone</a>",RotoRadarRiemer,7,TRUE,FALSE,NA,NA
219,#NBA | LeBron James rompe el silencio y califica el rumor que desat√≥ ESPN sobre los Warriors como ‚Äútonter√≠as‚Äù Ì†ΩÌ±•Ì†ΩÌ∑£‚Ä¶ https://t.co/cpIS6UVOFq,FALSE,0,NA,2/2/18 21:03,TRUE,NA,9.59533E+17,NA,"<a href=""http://twitter.com/download/iphone"" rel=""nofollow"">Twitter for iPhone</a>",sportologyblog,0,FALSE,FALSE,NA,NA
220,"RT @hawksbet: **** FREE PICKS ****

RETWEET AND I'LL SEND YOU THE PICKS

Follow us!!

#SPORTSBETTING #FREEPICKS #NHL #NBA¬†¬†¬†¬†¬†¬†¬†¬†¬†¬†¬†¬†¬†¬†¬†¬†¬†¬†‚Ä¶",FALSE,0,NA,2/2/18 21:03,FALSE,NA,9.59533E+17,NA,"<a href=""http://twitter.com/download/iphone"" rel=""nofollow"">Twitter for iPhone</a>",luck_send,160,TRUE,FALSE,NA,NA
221,.@StephensonLance told me after shoot around that fans can expect a song from him and #NBAAllStar @VicOladipo after‚Ä¶ https://t.co/VwEIW5oFwy,FALSE,3,NA,2/2/18 21:02,TRUE,NA,9.59533E+17,NA,"<a href=""http://twitter.com"" rel=""nofollow"">Twitter Web Client</a>",AshNoelleTV,0,FALSE,FALSE,NA,NA
222,"RT @OnTheRotoRadar: OTRR COUNTDOWN: 1 hour!

Get ready for the best #NBA #DFS pod in the industry!

Today @RotoRadarCEO and @ericsports are‚Ä¶",FALSE,0,NA,2/2/18 21:02,FALSE,NA,9.59533E+17,NA,"<a href=""http://twitter.com/download/iphone"" rel=""nofollow"">Twitter for iPhone</a>",TheRotoRadar,7,TRUE,FALSE,NA,NA
223,"RT @BrianSwane: Lineup for @Basketball_Show on @TSN1260 10-noon MT Saturday:

- 1987 &amp; 1988 #NBA champion Mike Smrek
- all-time @USPORTSca‚Ä¶",FALSE,0,NA,2/2/18 21:02,FALSE,NA,9.59533E+17,NA,"<a href=""http://twitter.com"" rel=""nofollow"">Twitter Web Client</a>",MacEwanGriffins,3,TRUE,FALSE,NA,NA
224,RT @otgbasketball: ICYMI: The NBA Outlet Express: BLAKE GRIFFIN TRADED - https://t.co/vIFgQeUonq #NBA #Clippers #Pistons #BlakeGriffin,FALSE,0,NA,2/2/18 21:02,FALSE,NA,9.59533E+17,NA,"<a href=""http://twitter.com/download/iphone"" rel=""nofollow"">Twitter for iPhone</a>",KWalHoops,1,TRUE,FALSE,NA,NA
225,"RT @All_SportNews: OHHH NO!! Steven Adams! 
NASTY CROSSOVER! Ì†ΩÌ∏±
#NBA https://t.co/anzBa2HtGt",FALSE,0,NA,2/2/18 21:02,FALSE,NA,9.59533E+17,NA,"<a href=""http://twitter.com/download/iphone"" rel=""nofollow"">Twitter for iPhone</a>",bryabreu99,1,TRUE,FALSE,NA,NA
226,"2018 NBA Luxury Suites For Sale , Single Event Rentals, Sporting Events and Concerts #Suitelife #NBA #Courtside #BoxSeats",FALSE,0,NA,2/2/18 21:02,FALSE,NA,9.59532E+17,NA,"<a href=""http://twitter.com"" rel=""nofollow"">Twitter Web Client</a>",NBASuites,0,FALSE,FALSE,NA,NA
227,The Celtics is trying to win now #Nba,FALSE,1,NA,2/2/18 21:02,FALSE,NA,9.59532E+17,NA,"<a href=""http://twitter.com/download/iphone"" rel=""nofollow"">Twitter for iPhone</a>",NateyBall,1,FALSE,FALSE,NA,NA
228,Check out the first episode of the Young Gunz podcast (Gunz with a Z) with @adonis_dees and @lukewright421. The two‚Ä¶ https://t.co/LNfdOBwBKs,FALSE,4,NA,2/2/18 21:02,TRUE,NA,9.59532E+17,NA,"<a href=""http://twitter.com"" rel=""nofollow"">Twitter Web Client</a>",FRSHoopz,2,FALSE,FALSE,NA,NA
229,"RT @nbaextra: ‚≠ê Votre programme #NBA  
‚û°Ô∏è beIN SPORTS 1
Ì†ºÌøÄ 1H30 Indiana @ Charlotte https://t.co/Sc9j6NSeCn",FALSE,0,NA,2/2/18 21:02,FALSE,NA,9.59532E+17,NA,"<a href=""http://twitter.com/download/android"" rel=""nofollow"">Twitter for Android</a>",GuillaumeSolier,10,TRUE,FALSE,NA,NA
230,"RT @diarioas: #NBA | ¬°Greg Monroe a los Celtics! El pivot firma por 5 millones

https://t.co/KMMCtvio3I",FALSE,0,NA,2/2/18 21:02,FALSE,NA,9.59532E+17,NA,"<a href=""http://twitter.com/download/android"" rel=""nofollow"">Twitter for Android</a>",eddie14jackson,3,TRUE,FALSE,NA,NA
231,"#TopValuePlays
C: Tyson Chandler #PHO
CPP:$227.94
Avg FPS: 21.06
Todays Bargin Players: https://t.co/xzq3JU8Uxm
#DFS #Fanduel #NBA",FALSE,0,NA,2/2/18 21:02,FALSE,NA,9.59532E+17,NA,"<a href=""https://www.socialoomph.com"" rel=""nofollow"">SocialOomph</a>",jamesabaileyjr,0,FALSE,FALSE,NA,NA
232,#Basquet|#NBA| Hoy juegan los @MiamiHEAT vs los @sixers quien ganar√°? #HeatCulture #HereTheyCome,FALSE,0,NA,2/2/18 21:02,FALSE,NA,9.59532E+17,NA,"<a href=""http://twitter.com/download/android"" rel=""nofollow"">Twitter for Android</a>",NoticiasNBA3,0,FALSE,FALSE,NA,NA
233,LIVE: #VozDelFanatico2/2/2018 on #spreaker #mlb #nba #nfl #vozdelfanatico2 https://t.co/eRlyMVegq2,FALSE,1,NA,2/2/18 21:02,FALSE,NA,9.59532E+17,NA,"<a href=""http://www.spreaker.com"" rel=""nofollow"">Spreaker</a>",vozdelfanatico,0,FALSE,FALSE,NA,NA
234,"RT @five_pronos: #NBA 

Ì†ºÌæü Game : Miami Heat - Philadelphia 76ers 

Ì†ºÌæØ +19,5 tirs √† 3 points marqu√©s @ 1,74 | 0,5% 

‚ÑπÔ∏è De belles rotations √†‚Ä¶",FALSE,0,NA,2/2/18 21:02,FALSE,NA,9.59532E+17,NA,"<a href=""http://twitter.com/download/iphone"" rel=""nofollow"">Twitter for iPhone</a>",Hoops_Pronos,1,TRUE,FALSE,NA,NA
235,ICYMI: The NBA Outlet Express: BLAKE GRIFFIN TRADED - https://t.co/vIFgQeUonq #NBA #Clippers #Pistons #BlakeGriffin,FALSE,0,NA,2/2/18 21:02,FALSE,NA,9.59532E+17,NA,"<a href=""https://about.twitter.com/products/tweetdeck"" rel=""nofollow"">TweetDeck</a>",otgbasketball,1,FALSE,FALSE,NA,NA
236,"RT @SpectrumSN: They #LetLarryDunk‚ÄºÔ∏è

@Larrydn22 will officially be in the 2018 #NBA Slam Dunk Contest. Ì†ΩÌπåÌ†ΩÌ∏Ü https://t.co/Pd8BGfqkFG",FALSE,0,NA,2/2/18 21:01,FALSE,NA,9.59532E+17,NA,"<a href=""http://twitter.com/download/iphone"" rel=""nofollow"">Twitter for iPhone</a>",Brihan_Ale,38,TRUE,FALSE,NA,NA
237,Thomas Bryant and Alex Caruso Named to Midseason All-#NBA G League Team https://t.co/1OYYBJ6ZY3,FALSE,0,NA,2/2/18 21:01,FALSE,NA,9.59532E+17,NA,"<a href=""http://lakers.topbuzz.com/"" rel=""nofollow"">Repped Post Tweet</a>",LakersNewsApp,0,FALSE,FALSE,NA,NA
238,"Danny Ainge Strikes Again

Greg Monroe for only $5M is without a doubt a steal in my humble opinion.....

#NBA
#CELTICS
#GregMonroe ‚òòÔ∏è",FALSE,14,NA,2/2/18 21:01,FALSE,NA,9.59532E+17,NA,"<a href=""http://twitter.com/download/android"" rel=""nofollow"">Twitter for Android</a>",BF6NEPats,4,FALSE,FALSE,NA,NA
239,"Check out previews of all PDFs‚¨áÔ∏è‚¨áÔ∏è

https://t.co/EAClQNGCU7

#basketball
#nba https://t.co/5FEXObUkAq",FALSE,0,NA,2/2/18 21:01,FALSE,NA,9.59532E+17,NA,"<a href=""http://bufferapp.com"" rel=""nofollow"">Buffer</a>",joebloggsbball,0,FALSE,FALSE,NA,NA
240,RT @dfs_nick: Tonights #NBA #Fanduel #Lineup will be posted at 6:45 EST! Tonight is the night! Ì†ΩÌ¥•Ì†ΩÌ≤∞Ì†ºÌøÄ #LetsRoll,FALSE,0,NA,2/2/18 21:01,FALSE,NA,9.59532E+17,NA,"<a href=""http://twitter.com/download/iphone"" rel=""nofollow"">Twitter for iPhone</a>",WolfKlanInc,3,TRUE,FALSE,NA,NA
241,"#NBA 

Ì†ΩÌ¥∞Toronto +3,5 (1%)
‚û° 1.40

Ì†ΩÌ¥∞ Utah OT  (1%)
‚û°1.43

Combi (0,25%)
‚û° 2.00",FALSE,0,NA,2/2/18 21:01,FALSE,NA,9.59532E+17,NA,"<a href=""http://twitter.com/download/android"" rel=""nofollow"">Twitter for Android</a>",Saiyen_Prono,0,FALSE,FALSE,NA,NA
242,"RT @hawksbet: **** FREE PICKS ****

RETWEET AND I'LL SEND YOU THE PICKS

Follow us!!

#SPORTSBETTING #FREEPICKS #NHL #NBA¬†¬†¬†¬†¬†¬†¬†¬†¬†¬†¬†¬†¬†¬†¬†¬†¬†¬†‚Ä¶",FALSE,0,NA,2/2/18 21:01,FALSE,NA,9.59532E+17,NA,"<a href=""http://twitter.com/download/iphone"" rel=""nofollow"">Twitter for iPhone</a>",mdealcarguy,160,TRUE,FALSE,NA,NA
243,DraftKings: 3 #NBA daily fantasy sleepers for February 2 https://t.co/p2lXDuZPHw -- @KennyLChapman via @HoopsHabit https://t.co/m7yHTHpJ0n,FALSE,0,NA,2/2/18 21:01,FALSE,NA,9.59532E+17,NA,"<a href=""https://about.twitter.com/products/tweetdeck"" rel=""nofollow"">TweetDeck</a>",HoopsHabit,0,FALSE,FALSE,NA,NA
244,"RT @All_SportNews: Ì†ΩÌ∞ç vs Ì†æÌ¥¥Ì†ºÌøæ

La Final de la #NBA que merec√≠amos, pero nunca lleg√≥. Ì†ΩÌ∏û https://t.co/MlwbVqbXIR",FALSE,0,NA,2/2/18 21:00,FALSE,NA,9.59532E+17,NA,"<a href=""http://twitter.com/download/iphone"" rel=""nofollow"">Twitter for iPhone</a>",MaxwellTrey5,14,TRUE,FALSE,NA,NA
245,"RT @OnTheRotoRadar: OTRR COUNTDOWN: 1 hour!

Get ready for the best #NBA #DFS pod in the industry!

Today @RotoRadarCEO and @ericsports are‚Ä¶",FALSE,0,NA,2/2/18 21:00,FALSE,NA,9.59532E+17,NA,"<a href=""http://twitter.com/download/android"" rel=""nofollow"">Twitter for Android</a>",Steady824,7,TRUE,FALSE,NA,NA
246,#NBA #video NBATV Update: 3 Pointers at 3p - Beau Estes delivers Friday's NBA TV updates. https://t.co/csmopjAbTp,FALSE,0,NA,2/2/18 21:00,FALSE,NA,9.59532E+17,NA,"<a href=""http://www.hootsuite.com"" rel=""nofollow"">Hootsuite</a>",xtbball,0,FALSE,FALSE,NA,NA
247,#NBA #video High Tops Top 10 Moves - Ro Parrish counts down the Top 10 Moves from January. https://t.co/JBzShJSdtY,FALSE,0,NA,2/2/18 21:00,FALSE,NA,9.59532E+17,NA,"<a href=""http://www.hootsuite.com"" rel=""nofollow"">Hootsuite</a>",xtbball,0,FALSE,FALSE,NA,NA
248,"RT @bballbreakdown: I released a video on how #NBA stars rest on defense, starring the culprit on this game winner https://t.co/DatqSGf9mh‚Ä¶",FALSE,0,NA,2/2/18 21:00,FALSE,NA,9.59532E+17,NA,"<a href=""http://twitter.com/download/android"" rel=""nofollow"">Twitter for Android</a>",thethrillyo,78,TRUE,FALSE,NA,NA
249,"Isaiah Thomas will never be the same player he was last season, but to give up on him this early is just ridiculous‚Ä¶ https://t.co/WSPmTZglT0",FALSE,0,NA,2/2/18 21:00,TRUE,NA,9.59532E+17,NA,"<a href=""http://twitter.com/download/iphone"" rel=""nofollow"">Twitter for iPhone</a>",Nash_TP,0,FALSE,FALSE,NA,NA
250,#guaranteedpick #NBA 02/02 (807) LA Lakers vs. (808) Brooklyn  #sportspicks #expertpicks #sportsbetting https://t.co/t7RgHBSjZN,FALSE,0,NA,2/2/18 21:00,FALSE,NA,9.59532E+17,NA,"<a href=""https://www.sportswatchmonitor.com"" rel=""nofollow"">SWM Automated Tweets For Members</a>",SportsWatch1,0,FALSE,FALSE,NA,NA